,basDt,idxNm,idxCsf,epyItmsCnt,clpr,vs,fltRt,mkp,hipr,lopr,trqu,trPrc,lstgMrktTotAmt,lsYrEdVsFltRg,lsYrEdVsFltRt,yrWRcrdHgst,yrWRcrdHgstDt,yrWRcrdLwst,yrWRcrdLwstDt,basPntm,basIdx
0,20251226,코스피,KOSPI시리즈,843,4129.68,21.06,.51,4130.37,4143.14,4116.53,510161651,16273592100742,3409552385683355,1730,72.11,4221.87,20251103,0,20251229,19800104,100
1,20251224,코스피,KOSPI시리즈,843,4108.62,-8.7,-.21,4136.24,4137.2,4106.62,363613812,12114977293960,3391545827207752,1709,71.23,4221.87,20251103,0,20251226,19800104,100
2,20251223,코스피,KOSPI시리즈,843,4117.32,11.39,.28,4127.4,4140.84,4110.25,385848331,13460733860454,3398648765464528,1718,71.59,4221.87,20251103,0,20251224,19800104,100
3,20251222,코스피,KOSPI시리즈,843,4105.93,85.38,2.12,4096.26,4105.93,4083.13,315627058,13013701888375,3389012795126445,1706,71.12,4221.87,20251103,0,20251223,19800104,100
4,20251219,코스피,KOSPI시리즈,843,4020.55,26.04,.65,4055.78,4055.78,3997.05,442664473,16470368044849,3318795642740196,1621,67.56,4221.87,20251103,0,20251222,19800104,100
5,20251218,코스피,KOSPI시리즈,843,3994.51,-61.9,-1.53,3989.6,4030.65,3975.5,581445413,13077588489472,3297132526737519,1595,66.47,4221.87,20251103,0,20251219,19800104,100
6,20251217,코스피,KOSPI시리즈,843,4056.41,57.28,1.43,4019.43,4060.24,3994.65,360955505,12968279650414,3348121946855785,1657,69.05,4221.87,20251103,0,20251218,19800104,100
7,20251216,코스피,KOSPI시리즈,843,3999.13,-91.46,-2.24,4093.32,4099.01,3996.23,373989521,16525587865207,3298788270153600,1600,66.67,4221.87,20251103,0,20251217,19800104,100
8,20251215,코스피,KOSPI시리즈,842,4090.59,-76.57,-1.84,4053.74,4123.19,4052.65,346844575,15438300438426,3373508123630625,1691,70.48,4221.87,20251103,0,20251216,19800104,100
9,20251212,코스피,KOSPI시리즈,842,4167.16,56.54,1.38,4123.83,4168.17,4120.73,426616335,16545774986825,3435670897662502,1768,73.67,4221.87,20251103,0,20251215,19800104,100
10,20251211,코스피,KOSPI시리즈,842,4110.62,-24.38,-.59,4163.32,4170.77,4103.2,539843372,20308402514420,3389085400995160,1711,71.31,4221.87,20251103,0,20251212,19800104,100
11,20251210,코스피,KOSPI시리즈,842,4135,-8.55,-.21,4159.05,4172.64,4123.6,317901549,12625782614479,3408198244933671,1736,72.33,4221.87,20251103,0,20251211,19800104,100
12,20251209,코스피,KOSPI시리즈,842,4143.55,-11.3,-.27,4129.77,4152.18,4121.21,400643400,13328759163343,3415203834522782,1744,72.68,4221.87,20251103,0,20251210,19800104,100
13,20251208,코스피,KOSPI시리즈,842,4154.85,54.8,1.34,4109.25,4154.85,4081.26,395582936,15207838759256,3424712364436096,1755,73.16,4221.87,20251103,0,20251209,19800104,100
14,20251205,코스피,KOSPI시리즈,842,4100.05,71.54,1.78,4023.5,4100.05,4003.29,478512573,16308814953657,3380661222188895,1701,70.87,4221.87,20251103,0,20251208,19800104,100
15,20251204,코스피,KOSPI시리즈,842,4028.51,-7.79,-.19,4018.91,4028.53,3982.54,352043273,13716192682125,3321694379554629,1629,67.89,4221.87,20251103,0,20251205,19800104,100
16,20251203,코스피,KOSPI시리즈,842,4036.3,41.37,1.04,4010.26,4052.83,3987.76,290896486,13375747628074,3326804886983061,1637,68.21,4221.87,20251103,0,20251204,19800104,100
17,20251202,코스피,KOSPI시리즈,842,3994.93,74.56,1.9,3939.09,3994.93,3935.14,319034908,12439175118986,3293510638975859,1595,66.49,4221.87,20251103,0,20251203,19800104,100
18,20251201,코스피,KOSPI시리즈,842,3920.37,-6.22,-.16,3967.92,3977.31,3892.08,296914679,11805572699555,3232050936063668,1521,63.38,4221.87,20251103,0,20251202,19800104,100
19,20251128,코스피,KOSPI시리즈,842,3926.59,-60.32,-1.51,3995.3,3995.3,3921.89,241922807,11927326021478,3235761043400269,1527,63.64,4221.87,20251103,0,20251201,19800104,100
20,20251127,코스피,KOSPI시리즈,843,3986.91,26.04,.66,3989.45,4023.42,3968.43,257854943,13008961064052,3286294870613815,1587,66.16,4221.87,20251103,0,20251128,19800104,100
21,20251126,코스피,KOSPI시리즈,844,3960.87,103.09,2.67,3891.88,3960.87,3866.66,295326951,15777742925834,3265922270499562,1561,65.07,4221.87,20251103,0,20251127,19800104,100
22,20251125,코스피,KOSPI시리즈,844,3857.78,11.72,.3,3942.36,3946.61,3833.35,279293988,13275808347538,3180590413000717,1458,60.77,4221.87,20251103,0,20251126,19800104,100
23,20251124,코스피,KOSPI시리즈,842,3846.06,-7.2,-.19,3915.16,3917.16,3838.2,373120108,21411253137675,3169272356467234,1447,60.29,4221.87,20251103,0,20251125,19800104,100
24,20251121,코스피,KOSPI시리즈,842,3853.26,-151.59,-3.79,3908.7,3911.55,3838.46,319324121,14166906140808,3168593846191949,1454,60.59,4221.87,20251103,0,20251124,19800104,100
25,20251120,코스피,KOSPI시리즈,843,4004.85,75.34,1.92,4030.97,4059.37,4001.31,360281733,15143579448126,3293299591248162,1605,66.9,4221.87,20251103,0,20251121,19800104,100
26,20251119,코스피,KOSPI시리즈,843,3929.51,-24.11,-.61,3966.64,3966.64,3854.95,338241537,14586911018135,3230586001015168,1530,63.76,4221.87,20251103,0,20251120,19800104,100
27,20251118,코스피,KOSPI시리즈,843,3953.62,-135.63,-3.32,4044.47,4072.41,3953.26,319659628,14077477816697,3251067247971822,1554,64.77,4221.87,20251103,0,20251119,19800104,100
28,20251117,코스피,KOSPI시리즈,843,4089.25,77.68,1.94,4078.57,4089.88,4045.4,344096599,14352976610800,3363116830407584,1690,70.42,4221.87,20251103,0,20251118,19800104,100
29,20251114,코스피,KOSPI시리즈,843,4011.57,-159.06,-3.81,4061.91,4092.76,4011.4,399992380,17968602377429,3298648291977145,1612,67.18,4221.87,20251103,0,20251117,19800104,100
30,20251113,코스피,KOSPI시리즈,843,4170.63,20.24,.49,4127.57,4188.54,4123.84,424188608,17517048400982,3430213936916230,1771,73.81,4221.87,20251103,0,20251114,19800104,100
31,20251112,코스피,KOSPI시리즈,843,4150.39,44,1.07,4097.44,4154.62,4088.86,334584453,15670659198860,3413518794879764,1751,72.97,4221.87,20251103,0,20251113,19800104,100
32,20251111,코스피,KOSPI시리즈,843,4106.39,33.15,.81,4124.3,4187.46,4066.58,377553974,20118818678387,3378037314926242,1707,71.14,4221.87,20251103,0,20251112,19800104,100
33,20251110,코스피,KOSPI시리즈,843,4073.24,119.48,3.02,3991.87,4092.91,3984.24,339514007,16685675541574,3349850858814010,1674,69.75,4221.87,20251103,0,20251111,19800104,100
34,20251107,코스피,KOSPI시리즈,843,3953.76,-72.69,-1.81,3963.72,4037.61,3887.32,377049668,18794295713216,3252007791121429,1554,64.78,4221.87,20251103,0,20251110,19800104,100
35,20251106,코스피,KOSPI시리즈,843,4026.45,22.03,.55,4092.46,4111.96,3985.29,423420832,21483948611420,3311622923440594,1627,67.8,4221.87,20251103,0,20251107,19800104,100
36,20251105,코스피,KOSPI시리즈,843,4004.42,-117.32,-2.85,4055.47,4055.47,3867.81,594162840,29186234065822,3294411883299844,1605,66.89,4221.87,20251103,0,20251106,19800104,100
37,20251104,코스피,KOSPI시리즈,843,4121.74,-100.13,-2.37,4219.24,4226.75,4117.91,423542560,20785686586392,3392104995408260,1722,71.78,4221.87,20251103,0,20251105,19800104,100
38,20251103,코스피,KOSPI시리즈,843,4221.87,114.37,2.78,4123.36,4221.92,4123.36,472676323,22728714597138,3477046106115597,1822,75.95,4221.87,20251103,0,20251104,19800104,100
39,20251031,코스피,KOSPI시리즈,843,4107.5,20.61,.5,4083.25,4122.09,4059.74,408275232,22950424588062,3383447874399935,1708,71.18,4107.5,20251031,0,20251103,19800104,100
40,20251030,코스피,KOSPI시리즈,843,4086.89,5.74,.14,4105.95,4146.72,4070.79,566538268,24198286552685,3364689797640767,1687,70.32,4086.89,20251030,0,20251031,19800104,100
41,20251029,코스피,KOSPI시리즈,843,4081.15,70.74,1.76,4061.54,4084.09,4014.84,466898421,22033182304082,3357610183598751,1682,70.08,4081.15,20251029,0,20251030,19800104,100
42,20251028,코스피,KOSPI시리즈,843,4010.41,-32.42,-.8,4010.47,4018.22,3972.56,408224732,19719872621077,3298578950794474,1611,67.14,4042.83,20251027,0,20251029,19800104,100
43,20251027,코스피,KOSPI시리즈,843,4042.83,101.24,2.57,3999.79,4042.83,3999.79,516998547,20122806110920,3325893588152838,1643,68.49,4042.83,20251027,0,20251028,19800104,100
44,20251024,코스피,KOSPI시리즈,844,3941.59,96.03,2.5,3893.23,3951.07,3886.64,426896560,17800793870343,3242987677820676,1542,64.27,3941.59,20251024,0,20251027,19800104,100
45,20251023,코스피,KOSPI시리즈,844,3845.56,-38.12,-.98,3835.79,3902.21,3822.33,423588471,16255705645739,3164799754839550,1446,60.27,3883.68,20251022,0,20251024,19800104,100
46,20251022,코스피,KOSPI시리즈,844,3883.68,59.84,1.56,3827.23,3883.68,3794.52,597215988,15451168656133,3197177009086480,1484,61.85,3883.68,20251022,0,20251023,19800104,100
47,20251021,코스피,KOSPI시리즈,844,3823.84,9.15,.24,3851.01,3893.06,3816.19,526854280,19373490542844,3150160277294047,1424,59.36,3823.84,20251021,0,20251022,19800104,100
48,20251020,코스피,KOSPI시리즈,844,3814.69,65.8,1.76,3775.4,3814.69,3728.38,410146751,14190573342156,3141020446206737,1415,58.98,3814.69,20251020,0,20251021,19800104,100
49,20251017,코스피,KOSPI시리즈,844,3748.89,.52,.01,3732.76,3794.87,3722.07,420769792,17268693077595,3086895728948205,1349,56.24,3748.89,20251017,0,20251020,19800104,100
50,20251016,코스피,KOSPI시리즈,844,3748.37,91.09,2.49,3675.82,3748.37,3675.82,495790790,17664818382797,3086315775634677,1349,56.22,3748.37,20251016,0,20251017,19800104,100
51,20251015,코스피,KOSPI시리즈,844,3657.28,95.47,2.68,3580.64,3659.91,3577.06,543606716,13879932193738,3011908107364069,1258,52.42,3657.28,20251015,0,20251016,19800104,100
52,20251014,코스피,KOSPI시리즈,844,3561.81,-22.74,-.63,3604.12,3646.77,3535.52,734084905,18926398057017,2933878249069508,1162,48.44,3610.6,20251010,0,20251015,19800104,100
53,20251013,코스피,KOSPI시리즈,844,3584.55,-26.05,-.72,3550.08,3584.55,3522.54,408033131,14270855613049,2952828804530513,1185,49.39,3610.6,20251010,0,20251014,19800104,100
54,20251010,코스피,KOSPI시리즈,844,3610.6,61.39,1.73,3598.11,3617.86,3569.44,407410846,19600845152565,2974646441764439,1211,50.47,3610.6,20251010,0,20251013,19800104,100
55,20251002,코스피,KOSPI시리즈,844,3549.21,93.38,2.7,3525.48,3565.96,3512.16,402107231,19456116765360,2922226398313787,1150,47.92,3549.21,20251002,0,20251010,19800104,100
56,20251001,코스피,KOSPI시리즈,843,3455.83,31.23,.91,3444.06,3459.74,3440.42,493641155,12344643388616,2845543746980053,1056,44.02,3486.19,20250923,0,20251002,19800104,100
57,20250930,코스피,KOSPI시리즈,843,3424.6,-6.61,-.19,3436,3443.38,3421.89,526401520,11157443411281,2817769969229231,1025,42.72,3486.19,20250923,0,20251001,19800104,100
58,20250929,코스피,KOSPI시리즈,844,3431.21,45.16,1.33,3414.43,3439.12,3413.33,416480046,10008858561135,2824950733618843,1032,43,3486.19,20250923,0,20250930,19800104,100
59,20250926,코스피,KOSPI시리즈,844,3386.05,-85.06,-2.45,3440.39,3441.91,3365.73,399149806,12606212195076,2787520691990662,987,41.12,3486.19,20250923,0,20250929,19800104,100
60,20250925,코스피,KOSPI시리즈,844,3471.11,-1.03,-.03,3458.98,3479.42,3454.08,293074983,12640781197188,2857634253445223,1072,44.66,3486.19,20250923,0,20250926,19800104,100
61,20250924,코스피,KOSPI시리즈,845,3472.14,-14.05,-.4,3492.03,3497.95,3442.41,287145415,11806998240931,2858429845707367,1073,44.7,3486.19,20250923,0,20250925,19800104,100
62,20250923,코스피,KOSPI시리즈,845,3486.19,17.54,.51,3489.46,3494.49,3467.83,358335419,12152383322121,2869842571401625,1087,45.29,3486.19,20250923,0,20250924,19800104,100
63,20250922,코스피,KOSPI시리즈,845,3468.65,23.41,.68,3463.84,3482.25,3458.87,287867235,11996187013111,2855488314793656,1069,44.56,3468.65,20250922,0,20250923,19800104,100
64,20250919,코스피,KOSPI시리즈,845,3445.24,-16.06,-.46,3461.23,3467.89,3434.61,348844702,15111282864331,2834490035669669,1046,43.58,3461.3,20250918,0,20250922,19800104,100
65,20250918,코스피,KOSPI시리즈,845,3461.3,47.9,1.4,3432.77,3461.3,3422.77,391177053,12409116590064,2848188126349412,1062,44.25,3461.3,20250918,0,20250919,19800104,100
66,20250917,코스피,KOSPI시리즈,845,3413.4,-36.22,-1.05,3433.83,3433.83,3406.75,326609906,11611597358894,2808274005979516,1014,42.26,3449.62,20250916,0,20250918,19800104,100
67,20250916,코스피,KOSPI시리즈,845,3449.62,42.31,1.24,3421.13,3452.5,3418.1,406214278,14058944540679,2838180010916733,1050,43.76,3449.62,20250916,0,20250917,19800104,100
68,20250915,코스피,KOSPI시리즈,845,3407.31,11.77,.35,3407.78,3420.23,3391.33,378854245,12792738454649,2802795681701775,1008,42,3407.31,20250915,0,20250916,19800104,100
69,20250912,코스피,KOSPI시리즈,845,3395.54,51.34,1.54,3374.65,3395.54,3362.86,448857492,13932277217565,2792432470702270,996,41.51,3395.54,20250912,0,20250915,19800104,100
70,20250911,코스피,KOSPI시리즈,845,3344.2,29.67,.9,3336.6,3344.7,3311.86,435588829,14947009019240,2750487884332290,945,39.37,3344.2,20250911,0,20250912,19800104,100
71,20250910,코스피,KOSPI시리즈,846,3314.53,54.48,1.67,3272.2,3317.77,3272.07,564706848,13703544856383,2726778752216321,915,38.13,3314.53,20250910,0,20250911,19800104,100
72,20250909,코스피,KOSPI시리즈,846,3260.05,40.46,1.26,3231.31,3260.05,3221.98,439945501,10628640888119,2682471396020302,861,35.86,3260.05,20250909,0,20250910,19800104,100
73,20250908,코스피,KOSPI시리즈,846,3219.59,14.47,.45,3209.81,3221.14,3206.34,372299882,8217818415298,2648880278485327,820,34.18,3254.47,20250730,0,20250909,19800104,100
74,20250905,코스피,KOSPI시리즈,846,3205.12,4.29,.13,3208.83,3214.64,3196.19,323844686,10942042116464,2636841421046516,806,33.58,3254.47,20250730,0,20250908,19800104,100
75,20250904,코스피,KOSPI시리즈,846,3200.83,16.41,.52,3188.84,3205.61,3185.49,286255881,7977947156742,2631602507638663,801,33.4,3254.47,20250730,0,20250905,19800104,100
76,20250903,코스피,KOSPI시리즈,846,3184.42,12.07,.38,3177.75,3187.48,3167.23,335816449,8811868562778,2618478732744148,785,32.71,3254.47,20250730,0,20250904,19800104,100
77,20250902,코스피,KOSPI시리즈,846,3172.35,29.42,.94,3155.73,3174.16,3151.93,310678131,8676467905841,2608214267274218,773,32.21,3254.47,20250730,0,20250903,19800104,100
78,20250901,코스피,KOSPI시리즈,846,3142.93,-43.08,-1.35,3164.58,3177.4,3135.02,260138455,8003230744765,2583440143168908,743,30.98,3254.47,20250730,0,20250902,19800104,100
79,20250829,코스피,KOSPI시리즈,846,3186.01,-10.31,-.32,3208.8,3212.69,3184.48,245132452,8969307869056,2619011116578555,787,32.78,3254.47,20250730,0,20250901,19800104,100
80,20250828,코스피,KOSPI시리즈,846,3196.32,9.16,.29,3175.33,3211.34,3164.08,312188158,9875760133000,2627849618885572,797,33.21,3254.47,20250730,0,20250829,19800104,100
81,20250827,코스피,KOSPI시리즈,846,3187.16,7.8,.25,3185.87,3189.31,3165.77,281721035,8851872014319,2621003592123119,788,32.83,3254.47,20250730,0,20250828,19800104,100
82,20250826,코스피,KOSPI시리즈,846,3179.36,-30.5,-.95,3199.92,3199.92,3175.31,325353201,12954910480221,2614613563218803,780,32.5,3254.47,20250730,0,20250827,19800104,100
83,20250825,코스피,KOSPI시리즈,846,3209.86,41.13,1.3,3195.14,3209.86,3180.12,220165003,8091673150742,2639930147123357,810,33.77,3254.47,20250730,0,20250826,19800104,100
84,20250822,코스피,KOSPI시리즈,846,3168.73,26.99,.86,3165.41,3181.95,3159.45,236797098,8337524064582,2606520880531289,769,32.06,3254.47,20250730,0,20250825,19800104,100
85,20250821,코스피,KOSPI시리즈,846,3141.74,11.65,.37,3140.71,3166.54,3134.86,276915481,10893275255572,2584834308775292,742,30.93,3254.47,20250730,0,20250822,19800104,100
86,20250820,코스피,KOSPI시리즈,846,3130.09,-21.47,-.68,3121.52,3132.83,3079.27,335285191,11773562869622,2574971562273452,731,30.45,3254.47,20250730,0,20250821,19800104,100
87,20250819,코스피,KOSPI시리즈,846,3151.56,-25.72,-.81,3185.04,3185.48,3142.48,285290653,8624169781604,2592063275359109,752,31.34,3254.47,20250730,0,20250820,19800104,100
88,20250818,코스피,KOSPI시리즈,846,3177.28,-48.38,-1.5,3202.63,3206.77,3177.28,326132755,8941932487220,2612867377572908,778,32.41,3254.47,20250730,0,20250819,19800104,100
89,20250814,코스피,KOSPI시리즈,846,3225.66,1.29,.04,3226.52,3239.55,3210.83,441467896,10002172706811,2652623803641114,826,34.43,3254.47,20250730,0,20250818,19800104,100
90,20250813,코스피,KOSPI시리즈,846,3224.37,34.46,1.08,3225.4,3226.37,3192.17,320069786,10352059537799,2652083637181810,825,34.38,3254.47,20250730,0,20250814,19800104,100
91,20250812,코스피,KOSPI시리즈,846,3189.91,-16.86,-.53,3209.75,3242.17,3189.58,373217178,10165450116361,2623723769032037,790,32.94,3254.47,20250730,0,20250813,19800104,100
92,20250811,코스피,KOSPI시리즈,846,3206.77,-3.24,-.1,3220.72,3223.23,3199.9,304968427,10338941285390,2637340169715307,807,33.64,3254.47,20250730,0,20250812,19800104,100
93,20250808,코스피,KOSPI시리즈,846,3210.01,-17.67,-.55,3220.58,3227.28,3198.31,341443229,11401116948366,2640295716796715,811,33.78,3254.47,20250730,0,20250811,19800104,100
94,20250807,코스피,KOSPI시리즈,846,3227.68,29.54,.92,3214.81,3227.68,3200.28,327047544,11201368337831,2652059094215135,828,34.52,3254.47,20250730,0,20250808,19800104,100
95,20250806,코스피,KOSPI시리즈,846,3198.14,.14,0,3182.06,3200.15,3176.61,327358365,11128301636396,2627785497278353,799,33.28,3254.47,20250730,0,20250807,19800104,100
96,20250805,코스피,KOSPI시리즈,846,3198,50.25,1.6,3187.15,3212.31,3174.23,273439606,10950201163619,2627767157184861,799,33.28,3254.47,20250730,0,20250806,19800104,100
97,20250804,코스피,KOSPI시리즈,846,3147.75,28.34,.91,3114.27,3157.45,3105.63,293453733,9724691307255,2587242951270715,748,31.18,3254.47,20250730,0,20250805,19800104,100
98,20250801,코스피,KOSPI시리즈,845,3119.41,-126.03,-3.88,3210.32,3210.32,3117.92,507776245,15281248640166,2563576815036689,720,30,3254.47,20250730,0,20250804,19800104,100
99,20250731,코스피,KOSPI시리즈,845,3245.44,-9.03,-.28,3275.78,3288.26,3227.46,540323825,16455571940540,2662743380814128,846,35.26,3254.47,20250730,0,20250801,19800104,100
100,20250730,코스피,KOSPI시리즈,845,3254.47,23.9,.74,3233.31,3269.4,3227.28,338073688,12968500091756,2671786675912336,855,35.63,3254.47,20250730,0,20250731,19800104,100
101,20250729,코스피,KOSPI시리즈,845,3230.57,21.05,.66,3192.17,3232.31,3169.03,373203172,12769212511711,2651327886580283,831,34.64,3230.57,20250729,0,20250730,19800104,100
102,20250728,코스피,KOSPI시리즈,845,3209.52,13.47,.42,3228.61,3228.61,3180.18,502719579,13872945078805,2634028944917939,810,33.76,3215.28,20250715,0,20250729,19800104,100
103,20250725,코스피,KOSPI시리즈,845,3196.05,5.6,.18,3184.37,3205.82,3184.37,389290718,9822238040874,2621558325609622,797,33.2,3215.28,20250715,0,20250728,19800104,100
104,20250724,코스피,KOSPI시리즈,845,3190.45,6.68,.21,3209.43,3237.97,3183.05,425499879,12993187344837,2615776094044113,791,32.96,3215.28,20250715,0,20250725,19800104,100
105,20250723,코스피,KOSPI시리즈,845,3183.77,13.83,.44,3189.65,3199.86,3141.93,664826146,12201364684336,2610788646131533,784,32.69,3215.28,20250715,0,20250724,19800104,100
106,20250722,코스피,KOSPI시리즈,845,3169.94,-40.87,-1.27,3210.12,3220.27,3155.25,378485911,11604659217066,2599056209995773,770,32.11,3215.28,20250715,0,20250723,19800104,100
107,20250721,코스피,KOSPI시리즈,845,3210.81,22.74,.71,3191.11,3211.14,3188.87,343910781,10662279408140,2632829588919004,811,33.81,3215.28,20250715,0,20250722,19800104,100
108,20250718,코스피,KOSPI시리즈,845,3188.07,-4.22,-.13,3200.44,3204.75,3169.69,393449261,11939229667870,2610008447251791,789,32.86,3215.28,20250715,0,20250721,19800104,100
109,20250717,코스피,KOSPI시리즈,845,3192.29,5.91,.19,3201.42,3201.42,3152.42,424787619,15365406027980,2613900035981381,793,33.04,3215.28,20250715,0,20250718,19800104,100
110,20250716,코스피,KOSPI시리즈,845,3186.38,-28.9,-.9,3207.48,3209.2,3178.42,531498719,11328776416006,2608342484105158,787,32.79,3215.28,20250715,0,20250717,19800104,100
111,20250715,코스피,KOSPI시리즈,845,3215.28,13.25,.41,3194.82,3216.01,3183.83,419651712,12238772420133,2631087507465974,816,34,3215.28,20250715,0,20250716,19800104,100
112,20250714,코스피,KOSPI시리즈,845,3202.03,26.26,.83,3175.59,3202.06,3170.72,444035800,11565586285784,2620057063000663,803,33.45,3202.03,20250714,0,20250715,19800104,100
113,20250711,코스피,KOSPI시리즈,845,3175.77,-7.46,-.23,3186.35,3216.69,3170.46,465292057,13342066116082,2598982928438423,776,32.35,3183.23,20250710,0,20250714,19800104,100
114,20250710,코스피,KOSPI시리즈,844,3183.23,49.49,1.58,3144.14,3183.23,3133.81,596571574,14124821031009,2603739245288003,784,32.66,3183.23,20250710,0,20250711,19800104,100
115,20250709,코스피,KOSPI시리즈,845,3133.74,18.79,.6,3123.22,3137.17,3111.02,642960883,12654909764711,2563422971103981,734,30.6,3133.74,20250709,0,20250710,19800104,100
116,20250708,코스피,KOSPI시리즈,845,3114.95,55.48,1.81,3071.74,3115.86,3066.03,745793067,13491404979089,2548966093022255,715,29.82,3116.27,20250703,0,20250709,19800104,100
117,20250707,코스피,KOSPI시리즈,845,3059.47,5.19,.17,3044.78,3068.43,3032.99,359404588,10204542570975,2504046206230287,660,27.51,3116.27,20250703,0,20250708,19800104,100
118,20250704,코스피,KOSPI시리즈,845,3054.28,-61.99,-1.99,3122.28,3123.84,3052.91,520763440,13571164280163,2501091815119605,655,27.29,3116.27,20250703,0,20250707,19800104,100
119,20250703,코스피,KOSPI시리즈,845,3116.27,41.21,1.34,3100.33,3116.27,3085.98,539120202,14883213548329,2551106276337041,717,29.87,3116.27,20250703,0,20250704,19800104,100
120,20250702,코스피,KOSPI시리즈,845,3075.06,-14.59,-.47,3083.82,3090.61,3032.47,696798456,14829869598196,2516192194451781,676,28.15,3108.25,20250625,0,20250703,19800104,100
121,20250701,코스피,KOSPI시리즈,845,3089.65,17.95,.58,3089.64,3133.52,3088.45,576016844,15184804010768,2527488234089640,690,28.76,3108.25,20250625,0,20250702,19800104,100
122,20250630,코스피,KOSPI시리즈,845,3071.7,15.76,.52,3072.75,3086,3063.42,464162919,13333814294163,2512091649124343,672,28.01,3108.25,20250625,0,20250701,19800104,100
123,20250627,코스피,KOSPI시리즈,845,3055.94,-23.62,-.77,3077.87,3093.56,3041.85,381633939,13970283384996,2500663765269373,656,27.36,3108.25,20250625,0,20250630,19800104,100
124,20250626,코스피,KOSPI시리즈,845,3079.56,-28.69,-.92,3108.34,3113.03,3036.55,460611798,17030574191361,2519593951599544,680,28.34,3108.25,20250625,0,20250627,19800104,100
125,20250625,코스피,KOSPI시리즈,845,3108.25,4.61,.15,3127.79,3129.09,3084.86,644761399,19662628183278,2543092930441839,709,29.54,3108.25,20250625,0,20250626,19800104,100
126,20250624,코스피,KOSPI시리즈,845,3103.64,89.17,2.96,3061.14,3105.04,3061.14,579200567,19107339943731,2538235150827130,704,29.35,3103.64,20250624,0,20250625,19800104,100
127,20250623,코스피,KOSPI시리즈,845,3014.47,-7.37,-.24,2992.2,3019.81,2971.36,625650915,17879769854238,2465283335804106,615,25.63,3021.84,20250620,0,20250624,19800104,100
128,20250620,코스피,KOSPI시리즈,845,3021.84,44.1,1.48,2986.52,3022.06,2972.37,484864681,17974844407806,2471814406598870,622,25.94,3021.84,20250620,0,20250623,19800104,100
129,20250619,코스피,KOSPI시리즈,845,2977.74,5.55,.19,2989.56,2996.04,2954.47,433310535,13786565754695,2436368787253298,578,24.1,2977.74,20250619,0,20250620,19800104,100
130,20250618,코스피,KOSPI시리즈,845,2972.19,21.89,.74,2933.63,2979.32,2933.63,576548034,14668323378767,2432540489952913,573,23.87,2972.19,20250618,0,20250619,19800104,100
131,20250617,코스피,KOSPI시리즈,845,2950.3,3.64,.12,2959.93,2998.62,2925.79,939594106,17915934818024,2414138075097102,551,22.96,2950.3,20250617,0,20250618,19800104,100
132,20250616,코스피,KOSPI시리즈,845,2946.66,52.04,1.8,2903.5,2947.07,2886.13,726351750,14401114308029,2410638877644740,547,22.8,2946.66,20250616,0,20250617,19800104,100
133,20250613,코스피,KOSPI시리즈,845,2894.62,-25.41,-.87,2930.57,2932.38,2877.07,931657602,17462763974297,2369323120142404,495,20.63,2920.03,20250612,0,20250616,19800104,100
134,20250612,코스피,KOSPI시리즈,845,2920.03,12.99,.45,2909.99,2934.31,2909.99,713705710,17344655814990,2389048717129180,521,21.69,2920.03,20250612,0,20250613,19800104,100
135,20250611,코스피,KOSPI시리즈,845,2907.04,35.19,1.23,2887.32,2908.16,2879.92,393929540,12475002592550,2378921384948741,508,21.15,2907.04,20250611,0,20250612,19800104,100
136,20250610,코스피,KOSPI시리즈,845,2871.85,16.08,.56,2872.62,2885.67,2849.67,508184663,14289817957640,2350164580015300,472,19.69,2871.85,20250610,0,20250611,19800104,100
137,20250609,코스피,KOSPI시리즈,845,2855.77,43.72,1.55,2841.56,2867.27,2841.39,537617180,14030330524110,2337790728639509,456,19.02,2855.77,20250609,0,20250610,19800104,100
138,20250605,코스피,KOSPI시리즈,845,2812.05,41.21,1.49,2790.33,2831.11,2787.76,556013446,13293000248477,2302942060259452,413,17.19,2812.05,20250605,0,20250609,19800104,100
139,20250604,코스피,KOSPI시리즈,845,2770.84,71.87,2.66,2737.92,2771.03,2734.02,489937474,12106350015702,2270569997770892,371,15.48,2770.84,20250604,0,20250605,19800104,100
140,20250602,코스피,KOSPI시리즈,845,2698.97,1.3,.05,2692.91,2719.87,2685.14,323603809,8062944006492,2211661469940351,299,12.48,2720.64,20250529,0,20250604,19800104,100
141,20250530,코스피,KOSPI시리즈,845,2697.67,-22.97,-.84,2713.24,2717.54,2689.87,525661026,14803606217765,2210646190920267,298,12.43,2720.64,20250529,0,20250602,19800104,100
142,20250529,코스피,KOSPI시리즈,845,2720.64,50.49,1.89,2691.06,2720.64,2686.64,448340888,10895570257616,2229208577577636,321,13.38,2720.64,20250529,0,20250530,19800104,100
143,20250528,코스피,KOSPI시리즈,845,2670.15,32.93,1.25,2648.86,2692.47,2643.5,405473857,11238813826664,2188074979266972,271,11.28,2671.52,20250219,0,20250529,19800104,100
144,20250527,코스피,KOSPI시리즈,845,2637.22,-7.18,-.27,2630.29,2642.63,2625.66,318285651,7908808324037,2160239944298804,238,9.91,2671.52,20250219,0,20250528,19800104,100
145,20250526,코스피,KOSPI시리즈,846,2644.4,52.31,2.02,2598.45,2644.4,2595.96,380173138,8342809610327,2166285731881608,245,10.21,2671.52,20250219,0,20250527,19800104,100
146,20250523,코스피,KOSPI시리즈,846,2592.09,-1.58,-.06,2603.57,2604.14,2589.51,434024136,8659673623776,2124299597613703,193,8.03,2671.52,20250219,0,20250526,19800104,100
147,20250522,코스피,KOSPI시리즈,845,2593.67,-31.91,-1.22,2614.66,2616.53,2588.09,358064259,8965468020130,2126011918881695,194,8.09,2671.52,20250219,0,20250523,19800104,100
148,20250521,코스피,KOSPI시리즈,845,2625.58,23.78,.91,2615.9,2633.41,2614.73,371527419,7441128800151,2151605513502848,226,9.42,2671.52,20250219,0,20250522,19800104,100
149,20250520,코스피,KOSPI시리즈,845,2601.8,-1.62,-.06,2622.68,2622.91,2598.1,456989355,7661430134210,2133507447170795,202,8.43,2671.52,20250219,0,20250521,19800104,100
150,20250519,코스피,KOSPI시리즈,845,2603.42,-23.45,-.89,2613.7,2619.43,2593.44,313296021,6752438008652,2134853767220355,204,8.5,2671.52,20250219,0,20250520,19800104,100
151,20250516,코스피,KOSPI시리즈,845,2626.87,5.51,.21,2630.64,2633.98,2619.1,359706542,8025031996677,2154435500387806,227,9.48,2671.52,20250219,0,20250519,19800104,100
152,20250515,코스피,KOSPI시리즈,845,2621.36,-19.21,-.73,2634.5,2643.83,2618.08,339578793,7254024641690,2150748687253873,222,9.25,2671.52,20250219,0,20250516,19800104,100
153,20250514,코스피,KOSPI시리즈,845,2640.57,32.15,1.23,2625.36,2646.01,2619.15,390503815,8893191507759,2165384001366960,241,10.05,2671.52,20250219,0,20250515,19800104,100
154,20250513,코스피,KOSPI시리즈,845,2608.42,1.09,.04,2601.76,2620.64,2601.58,422459803,8746089121686,2139365845830776,209,8.71,2671.52,20250219,0,20250514,19800104,100
155,20250512,코스피,KOSPI시리즈,845,2607.33,30.06,1.17,2593.94,2607.33,2585.6,409749435,8527539580051,2135960504101417,208,8.66,2671.52,20250219,0,20250513,19800104,100
156,20250509,코스피,KOSPI시리즈,845,2577.27,-2.21,-.09,2587.93,2589.58,2571.2,485550305,8034852607528,2110382907460644,178,7.41,2671.52,20250219,0,20250512,19800104,100
157,20250508,코스피,KOSPI시리즈,845,2579.48,5.68,.22,2581.27,2590.9,2575.78,471635814,10270131237563,2111359746379270,180,7.5,2671.52,20250219,0,20250509,19800104,100
158,20250507,코스피,KOSPI시리즈,845,2573.8,14.01,.55,2577.04,2581.85,2559.17,546755132,8935449197459,2106864657755093,174,7.26,2671.52,20250219,0,20250508,19800104,100
159,20250502,코스피,KOSPI시리즈,845,2559.79,3.18,.12,2556.52,2567.04,2540.57,585492284,8327449263431,2095822345518174,160,6.68,2671.52,20250219,0,20250507,19800104,100
160,20250430,코스피,KOSPI시리즈,845,2556.61,-8.81,-.34,2561.04,2570.83,2544.46,487488833,8435602446234,2094129065499498,157,6.55,2671.52,20250219,0,20250502,19800104,100
161,20250429,코스피,KOSPI시리즈,845,2565.42,16.56,.65,2550.25,2571.41,2542.25,547081468,9215174352275,2100881633409069,166,6.92,2671.52,20250219,0,20250430,19800104,100
162,20250428,코스피,KOSPI시리즈,845,2548.86,2.56,.1,2551.23,2558.69,2541.97,454102177,7803354897543,2087208356086974,149,6.23,2671.52,20250219,0,20250429,19800104,100
163,20250425,코스피,KOSPI시리즈,845,2546.3,23.97,.95,2544.59,2553.33,2534.94,403527737,8760600168638,2085721220951885,147,6.12,2671.52,20250219,0,20250428,19800104,100
164,20250424,코스피,KOSPI시리즈,845,2522.33,-3.23,-.13,2525.34,2530.61,2507.21,327935351,7272322115520,2066148877318083,123,5.12,2671.52,20250219,0,20250425,19800104,100
165,20250423,코스피,KOSPI시리즈,845,2525.56,38.92,1.57,2520.56,2526.72,2507.1,538116134,7764179609542,2068411537802202,126,5.25,2671.52,20250219,0,20250424,19800104,100
166,20250422,코스피,KOSPI시리즈,845,2486.64,-1.78,-.07,2481.18,2494.59,2476.14,416680149,6182470913439,2036867826267906,87,3.63,2671.52,20250219,0,20250423,19800104,100
167,20250421,코스피,KOSPI시리즈,845,2488.42,5,.2,2486.38,2498.84,2479.23,428977098,5239732779307,2038270654755274,89,3.71,2671.52,20250219,0,20250422,19800104,100
168,20250418,코스피,KOSPI시리즈,845,2483.42,13.01,.53,2473.3,2486.37,2466.9,450985117,5649647492055,2033957406882575,84,3.5,2671.52,20250219,0,20250421,19800104,100
169,20250417,코스피,KOSPI시리즈,845,2470.41,22.98,.94,2451.7,2473.24,2447.4,601738661,6606299171146,2023188315630385,71,2.96,2671.52,20250219,0,20250418,19800104,100
170,20250416,코스피,KOSPI시리즈,845,2447.43,-29.98,-1.21,2472.78,2475.83,2442.72,613173904,6725688052971,2004854313353399,48,2,2671.52,20250219,0,20250417,19800104,100
171,20250415,코스피,KOSPI시리즈,845,2477.41,21.52,.88,2464.51,2482.56,2461.23,560339502,6510808882534,2027996669924309,78,3.25,2671.52,20250219,0,20250416,19800104,100
172,20250414,코스피,KOSPI시리즈,845,2455.89,23.17,.95,2454.28,2465.56,2449.48,488618364,6687793560550,2011102252591424,56,2.35,2671.52,20250219,0,20250415,19800104,100
173,20250411,코스피,KOSPI시리즈,845,2432.72,-12.34,-.5,2400.74,2433.18,2394.25,369702818,7687103441531,1991847800076662,33,1.38,2671.52,20250219,0,20250414,19800104,100
174,20250410,코스피,KOSPI시리즈,845,2445.06,151.36,6.6,2395.13,2445.06,2391.39,670388052,11055426187398,2002786361478506,46,1.9,2671.52,20250219,0,20250411,19800104,100
175,20250409,코스피,KOSPI시리즈,845,2293.7,-40.53,-1.74,2329.99,2337.58,2284.72,699641582,9560332636518,1880172676575802,-106,-4.41,2671.52,20250219,0,20250410,19800104,100
176,20250408,코스피,KOSPI시리즈,845,2334.23,6.03,.26,2381.2,2381.31,2328.94,557018146,9122473931623,1912870141561465,-65,-2.72,2671.52,20250219,0,20250409,19800104,100
177,20250407,코스피,KOSPI시리즈,845,2328.2,-137.22,-5.57,2359.25,2369.4,2327.01,619500714,10505492820465,1907591512851795,-71,-2.97,2671.52,20250219,0,20250408,19800104,100
178,20250404,코스피,KOSPI시리즈,845,2465.42,-21.28,-.86,2450.49,2506.71,2438.02,695074881,10742833732479,2019896586676231,66,2.75,2671.52,20250219,0,20250407,19800104,100
179,20250403,코스피,KOSPI시리즈,845,2486.7,-19.16,-.76,2437.43,2488.92,2437.43,480057159,8267470857840,2037334829405671,87,3.63,2671.52,20250219,0,20250404,19800104,100
180,20250402,코스피,KOSPI시리즈,845,2505.86,-15.53,-.62,2525.62,2532.15,2499.83,515599740,7316124788243,2053517297572435,106,4.43,2671.52,20250219,0,20250403,19800104,100
181,20250401,코스피,KOSPI시리즈,845,2521.39,40.27,1.62,2511.24,2530.61,2494.43,453393641,6939450184454,2066091544186739,122,5.08,2671.52,20250219,0,20250402,19800104,100
182,20250331,코스피,KOSPI시리즈,845,2481.12,-76.86,-3,2513.44,2514.22,2479.46,391592782,8236353358064,2033508107511968,82,3.4,2671.52,20250219,0,20250401,19800104,100
183,20250328,코스피,KOSPI시리즈,845,2557.98,-49.17,-1.89,2592.63,2592.63,2549.26,513561475,7150421589957,2097055968124136,158,6.61,2671.52,20250219,0,20250331,19800104,100
184,20250327,코스피,KOSPI시리즈,845,2607.15,-36.79,-1.39,2620.28,2633.03,2603.41,403313562,7676249317680,2137689097655124,208,8.65,2671.52,20250219,0,20250328,19800104,100
185,20250326,코스피,KOSPI시리즈,845,2643.94,28.13,1.08,2628.09,2649.15,2618.05,507916080,7655330119639,2166757904270967,244,10.19,2671.52,20250219,0,20250327,19800104,100
186,20250325,코스피,KOSPI시리즈,845,2615.81,-16.26,-.62,2653.04,2654.63,2612.74,439279423,8305059590006,2143539656810207,216,9.02,2671.52,20250219,0,20250326,19800104,100
187,20250324,코스피,KOSPI시리즈,845,2632.07,-11.06,-.42,2636.43,2648.82,2629.38,372431632,6924064394711,2156710253624274,233,9.69,2671.52,20250219,0,20250325,19800104,100
188,20250321,코스피,KOSPI시리즈,845,2643.13,6.03,.23,2633.9,2645.82,2617.78,497529180,14188127737060,2166240031337451,244,10.15,2671.52,20250219,0,20250324,19800104,100
189,20250320,코스피,KOSPI시리즈,845,2637.1,8.48,.32,2648.16,2650.72,2629.2,455019267,11989258245357,2160968151053248,238,9.9,2671.52,20250219,0,20250321,19800104,100
190,20250319,코스피,KOSPI시리즈,845,2628.62,16.28,.62,2613.48,2642.83,2613.48,653326938,11841495256564,2153080834445234,229,9.55,2671.52,20250219,0,20250320,19800104,100
191,20250318,코스피,KOSPI시리즈,845,2612.34,1.65,.06,2627.27,2638.56,2606.91,555526574,12034578631086,2138918441303969,213,8.87,2671.52,20250219,0,20250319,19800104,100
192,20250317,코스피,KOSPI시리즈,844,2610.69,44.33,1.73,2588.32,2610.69,2587.52,396573940,11995073046698,2137307329817924,211,8.8,2671.52,20250219,0,20250318,19800104,100
193,20250314,코스피,KOSPI시리즈,843,2566.36,-7.28,-.28,2565.18,2576.74,2559.24,362329393,9941799575184,2100287748455670,167,6.95,2671.52,20250219,0,20250317,19800104,100
194,20250313,코스피,KOSPI시리즈,843,2573.64,-1.18,-.05,2598.06,2600.07,2561.02,427292042,13112911085717,2103969035866234,174,7.26,2671.52,20250219,0,20250314,19800104,100
195,20250312,코스피,KOSPI시리즈,843,2574.82,37.22,1.47,2552.6,2579.69,2541.66,401644557,12284769101722,2105091420669291,175,7.31,2671.52,20250219,0,20250313,19800104,100
196,20250311,코스피,KOSPI시리즈,843,2537.6,-32.79,-1.28,2516.69,2547.88,2505.91,399016248,10917540670799,2074862207732268,138,5.76,2671.52,20250219,0,20250312,19800104,100
197,20250310,코스피,KOSPI시리즈,843,2570.39,6.91,.27,2555.4,2579.76,2549.99,435694828,9881353741270,2101439969373815,171,7.12,2671.52,20250219,0,20250311,19800104,100
198,20250307,코스피,KOSPI시리즈,843,2563.48,-12.68,-.49,2553.44,2575.48,2541.49,567191412,12155164964202,2095892197484635,164,6.83,2671.52,20250219,0,20250310,19800104,100
199,20250306,코스피,KOSPI시리즈,843,2576.16,18.03,.7,2573.55,2583.65,2565.57,609615704,11319665264837,2105642393608409,177,7.36,2671.52,20250219,0,20250307,19800104,100
200,20250305,코스피,KOSPI시리즈,843,2558.13,29.21,1.16,2548.45,2561.47,2535.18,569412248,13021641663686,2094580712219600,159,6.61,2671.52,20250219,0,20250306,19800104,100
201,20250304,코스피,KOSPI시리즈,843,2528.92,-3.86,-.15,2522.2,2548.78,2513.31,484081351,13115384134880,2071277908689397,129,5.39,2671.52,20250219,0,20250305,19800104,100
202,20250228,코스피,KOSPI시리즈,843,2532.78,-88.97,-3.39,2585.61,2586.78,2531.24,588571521,15637224696362,2074378682303205,133,5.55,2671.52,20250219,0,20250304,19800104,100
203,20250227,코스피,KOSPI시리즈,843,2621.75,-19.34,-.73,2637.63,2638.47,2610.47,513909805,10802121046832,2147708334692199,222,9.26,2671.52,20250219,0,20250228,19800104,100
204,20250226,코스피,KOSPI시리즈,843,2641.09,10.8,.41,2629.86,2648.06,2620.16,386762622,11218719900855,2163540431082131,242,10.07,2671.52,20250219,0,20250227,19800104,100
205,20250225,코스피,KOSPI시리즈,843,2630.29,-14.98,-.57,2617.64,2641.49,2617.12,410284831,10508475591510,2155255658945223,231,9.62,2671.52,20250219,0,20250226,19800104,100
206,20250224,코스피,KOSPI시리즈,843,2645.27,-9.31,-.35,2636.12,2645.27,2626.88,536354114,10802085081805,2167788263381009,246,10.24,2671.52,20250219,0,20250225,19800104,100
207,20250221,코스피,KOSPI시리즈,844,2654.58,.52,.02,2653.76,2656.04,2638.44,444704240,11381060470064,2176175331210928,255,10.63,2671.52,20250219,0,20250224,19800104,100
208,20250220,코스피,KOSPI시리즈,844,2654.06,-17.46,-.65,2661.72,2667.59,2645.53,529303324,14551190986281,2176898820918304,255,10.61,2671.52,20250219,0,20250221,19800104,100
209,20250219,코스피,KOSPI시리즈,844,2671.52,44.71,1.7,2633.91,2680.7,2633.91,525798791,14851621874895,2190321476628339,272,11.34,2671.52,20250219,0,20250220,19800104,100
210,20250218,코스피,KOSPI시리즈,844,2626.81,16.39,.63,2613.25,2628.47,2605.15,421993118,12618242477587,2152414939585229,227,9.47,2626.81,20250218,0,20250219,19800104,100
211,20250217,코스피,KOSPI시리즈,844,2610.42,19.37,.75,2595.99,2612.8,2592.57,366339998,11017333473620,2138576064568082,211,8.79,2610.42,20250217,0,20250218,19800104,100
212,20250214,코스피,KOSPI시리즈,844,2591.05,7.88,.31,2588.2,2600.57,2582.84,499364641,13917625961701,2123295637182044,192,7.98,2591.05,20250214,0,20250217,19800104,100
213,20250213,코스피,KOSPI시리즈,844,2583.17,34.78,1.36,2558.95,2583.74,2555.98,680341736,17104156094956,2116865565381814,184,7.65,2583.17,20250213,0,20250214,19800104,100
214,20250212,코스피,KOSPI시리즈,844,2548.39,9.34,.37,2534.71,2549.58,2528.74,464894178,13668983788526,2088883959979358,149,6.21,2548.39,20250212,0,20250213,19800104,100
215,20250211,코스피,KOSPI시리즈,844,2539.05,17.78,.71,2532.87,2549.44,2527.74,451092989,11023156462010,2081311465922200,140,5.82,2547.06,20250122,0,20250212,19800104,100
216,20250210,코스피,KOSPI시리즈,844,2521.27,-.65,-.03,2510.64,2527.33,2499.18,393563727,10582465784194,2067049975510715,122,5.08,2547.06,20250122,0,20250211,19800104,100
217,20250207,코스피,KOSPI시리즈,844,2521.92,-14.83,-.58,2532.09,2537.63,2519.01,419872051,10240140504999,2066649815662131,122,5.1,2547.06,20250122,0,20250210,19800104,100
218,20250206,코스피,KOSPI시리즈,844,2536.75,27.48,1.1,2521.82,2536.75,2515.34,479697230,11863047995673,2078576667689643,137,5.72,2547.06,20250122,0,20250207,19800104,100
219,20250205,코스피,KOSPI시리즈,843,2509.27,27.58,1.11,2503.94,2514.71,2498.74,437344153,9949594557748,2056473640972619,110,4.58,2547.06,20250122,0,20250206,19800104,100
220,20250204,코스피,KOSPI시리즈,843,2481.69,27.74,1.13,2481.44,2508.35,2471.63,479377343,11000937680837,2028588344752300,82,3.43,2547.06,20250122,0,20250205,19800104,100
221,20250203,코스피,KOSPI시리즈,843,2453.95,-63.42,-2.52,2468.74,2468.74,2437.61,522848036,11649962821524,2005228762346525,54,2.27,2547.06,20250122,0,20250204,19800104,100
222,20250131,코스피,KOSPI시리즈,843,2517.37,-19.43,-.77,2534.33,2537.98,2496.95,454403356,13759431159982,2057132279189022,118,4.91,2547.06,20250122,0,20250203,19800104,100
223,20250124,코스피,KOSPI시리즈,843,2536.8,21.31,.85,2529.29,2542.83,2522.64,602014660,10179284029760,2073049460254918,137,5.72,2547.06,20250122,0,20250131,19800104,100
224,20250123,코스피,KOSPI시리즈,843,2515.49,-31.57,-1.24,2541.24,2541.6,2515.49,609742131,9907820760947,2056088891657315,116,4.83,2547.06,20250122,0,20250124,19800104,100
225,20250122,코스피,KOSPI시리즈,843,2547.06,29.03,1.15,2535.8,2552.57,2526.89,583737394,11074514904158,2081713985266173,148,6.15,2547.06,20250122,0,20250123,19800104,100
226,20250121,코스피,KOSPI시리즈,843,2518.03,-2.02,-.08,2533.23,2548.44,2507.95,572011300,9323573978039,2058259490075974,119,4.94,2527.49,20250116,0,20250122,19800104,100
227,20250120,코스피,KOSPI시리즈,843,2520.05,-3.5,-.14,2533.68,2536.72,2516.28,437546001,8663518721587,2059663885223968,121,5.02,2527.49,20250116,0,20250121,19800104,100
228,20250117,코스피,KOSPI시리즈,843,2523.55,-3.94,-.16,2520.85,2528.48,2513.84,445884915,10011839897387,2062320503702578,124,5.17,2527.49,20250116,0,20250120,19800104,100
229,20250116,코스피,KOSPI시리즈,843,2527.49,30.68,1.23,2528.27,2534.01,2519.86,451062578,9432261340912,2065809157709104,128,5.33,2527.49,20250116,0,20250117,19800104,100
230,20250115,코스피,KOSPI시리즈,843,2496.81,-.59,-.02,2511.07,2524.36,2493.1,538534310,9176243659173,2041769170734816,97,4.06,2521.9,20250109,0,20250116,19800104,100
231,20250114,코스피,KOSPI시리즈,843,2497.4,7.84,.31,2501.49,2504.89,2482.74,414487640,8199244671041,2042488521677972,98,4.08,2521.9,20250109,0,20250115,19800104,100
232,20250113,코스피,KOSPI시리즈,843,2489.56,-26.22,-1.04,2508.15,2513.93,2483.73,578565446,9049053425756,2036397074805700,90,3.75,2521.9,20250109,0,20250114,19800104,100
233,20250110,코스피,KOSPI시리즈,843,2515.78,-6.12,-.24,2528.42,2535.24,2506.29,377586658,9691007647524,2058638841592924,116,4.85,2521.9,20250109,0,20250113,19800104,100
234,20250109,코스피,KOSPI시리즈,843,2521.9,.85,.03,2526.1,2535.87,2515.82,404290371,11524453907612,2063837692886240,122,5.1,2521.9,20250109,0,20250110,19800104,100
235,20250108,코스피,KOSPI시리즈,843,2521.05,28.95,1.16,2481.25,2526.77,2481.25,362908922,10391057773317,2062626681696110,122,5.07,2521.05,20250108,0,20250109,19800104,100
236,20250107,코스피,KOSPI시리즈,843,2492.1,3.46,.14,2513.49,2521.86,2492.09,407692929,9405964049041,2038522932687508,93,3.86,2492.1,20250107,0,20250108,19800104,100
237,20250106,코스피,KOSPI시리즈,843,2488.64,46.72,1.91,2453.3,2489.1,2446.82,302760981,8142307849602,2036394312458755,89,3.72,2488.64,20250106,0,20250107,19800104,100
238,20250103,코스피,KOSPI시리즈,843,2441.92,42.98,1.79,2402.58,2454.67,2402.58,407536387,8230070287923,1998126924797077,42,1.77,2441.92,20250103,0,20250106,19800104,100
239,20250102,코스피,KOSPI시리즈,843,2398.94,-.55,-.02,2400.87,2410.99,2386.84,350691927,6958648750080,1963454272081159,-1,-.02,2398.94,20250102,0,20250103,19800104,100
240,20241230,코스피,KOSPI시리즈,843,2399.49,-5.28,-.22,2397.49,2429.75,2390.44,303963509,5315451121758,1963328801432073,-256,-9.63,2891.35,20240711,2360.58,20241209,19800104,100
241,20241227,코스피,KOSPI시리즈,843,2404.77,-24.9,-1.02,2419.46,2423.86,2388.33,311291279,6339606976315,1966956732701405,-251,-9.43,2891.35,20240711,0,20241230,19800104,100
242,20241226,코스피,KOSPI시리즈,843,2429.67,-10.85,-.44,2449.52,2449.52,2428.82,322800054,6410407187557,1989005161072953,-226,-8.5,2891.35,20240711,0,20241227,19800104,100
243,20241224,코스피,KOSPI시리즈,843,2440.52,-1.49,-.06,2450.55,2452.85,2432.42,386777917,6740790173171,1997825853682133,-215,-8.09,2891.35,20240711,0,20241226,19800104,100
244,20241223,코스피,KOSPI시리즈,842,2442.01,37.86,1.57,2423.36,2446.97,2413.62,428166806,7375539570358,1998047401443676,-213,-8.03,2891.35,20240711,0,20241224,19800104,100
245,20241220,코스피,KOSPI시리즈,842,2404.15,-31.78,-1.3,2429.63,2430.69,2389.86,617782376,9347347558007,1967064816798788,-251,-9.46,2891.35,20240711,0,20241223,19800104,100
246,20241219,코스피,KOSPI시리즈,842,2435.93,-48.5,-1.95,2426.55,2450.05,2423.59,504467068,8443749654047,1993417137823853,-219,-8.26,2891.35,20240711,0,20241220,19800104,100
247,20241218,코스피,KOSPI시리즈,842,2484.43,27.62,1.12,2463.06,2492,2462.82,441677820,8338565732727,2033135712509950,-171,-6.43,2891.35,20240711,0,20241219,19800104,100
248,20241217,코스피,KOSPI시리즈,842,2456.81,-32.16,-1.29,2487.31,2487.31,2455.05,559039721,9284835596090,2010343832541547,-198,-7.47,2891.35,20240711,0,20241218,19800104,100
249,20241216,코스피,KOSPI시리즈,841,2488.97,-5.49,-.22,2511.08,2515.62,2483.43,526708153,8466421567755,2037825063390027,-166,-6.26,2891.35,20240711,0,20241217,19800104,100
250,20241213,코스피,KOSPI시리즈,841,2494.46,12.34,.5,2473.75,2500.32,2470.24,577737398,8849455236945,2042115883546408,-161,-6.06,2891.35,20240711,0,20241216,19800104,100
251,20241212,코스피,KOSPI시리즈,841,2482.12,39.61,1.62,2456.63,2487.95,2448.76,664187237,12259144225557,2032250619015376,-173,-6.52,2891.35,20240711,0,20241213,19800104,100
252,20241211,코스피,KOSPI시리즈,841,2442.51,24.67,1.02,2412.15,2443.34,2411.38,617716470,7745860519277,1999754741961752,-213,-8.01,2891.35,20240711,0,20241212,19800104,100
253,20241210,코스피,KOSPI시리즈,841,2417.84,57.26,2.43,2384.51,2419.06,2384.51,598770280,9303804224973,1979769346742696,-237,-8.94,2891.35,20240711,0,20241211,19800104,100
254,20241209,코스피,KOSPI시리즈,841,2360.58,-67.58,-2.78,2392.37,2399.52,2360.18,591644435,10004534867179,1933161934819931,-295,-11.1,2891.35,20240711,0,20241210,19800104,100
255,20241206,코스피,KOSPI시리즈,842,2428.16,-13.69,-.56,2451.6,2459.24,2397.73,630408602,10726880321289,1988510021328156,-227,-8.55,2891.35,20240711,0,20241209,19800104,100
256,20241205,코스피,KOSPI시리즈,842,2441.85,-22.15,-.9,2471.45,2471.45,2434.78,519351593,9720715707167,1999305298106164,-213,-8.04,2891.35,20240711,0,20241206,19800104,100
257,20241204,코스피,KOSPI시리즈,842,2464,-36.1,-1.44,2450.76,2483.04,2442.46,670284268,13296925007005,2016934529725719,-191,-7.2,2891.35,20240711,0,20241205,19800104,100
258,20241203,코스피,KOSPI시리즈,842,2500.1,45.62,1.86,2472.06,2500.67,2471.55,324137730,9145172832624,2046261046449732,-155,-5.84,2891.35,20240711,0,20241204,19800104,100
259,20241202,코스피,KOSPI시리즈,842,2454.48,-1.43,-.06,2479.02,2483.29,2448.45,328109545,7591739683478,2009713877727404,-201,-7.56,2891.35,20240711,0,20241203,19800104,100
260,20241129,코스피,KOSPI시리즈,841,2455.91,-48.76,-1.95,2496.93,2496.93,2446.96,384278001,9106481521439,2011421418734674,-199,-7.51,2891.35,20240711,0,20241202,19800104,100
261,20241128,코스피,KOSPI시리즈,841,2504.67,1.61,.06,2499.69,2513.63,2495.64,342571105,7572752629681,2050357986144085,-151,-5.67,2891.35,20240711,0,20241129,19800104,100
262,20241127,코스피,KOSPI시리즈,841,2503.06,-17.3,-.69,2518.82,2526.32,2498.32,414339138,8586048743292,2049072449824867,-152,-5.73,2891.35,20240711,0,20241128,19800104,100
263,20241126,코스피,KOSPI시리즈,841,2520.36,-13.98,-.55,2521.39,2526.62,2512.21,441708781,8709923196814,2064372965736248,-135,-5.08,2891.35,20240711,0,20241127,19800104,100
264,20241125,코스피,KOSPI시리즈,841,2534.34,33.1,1.32,2524.11,2541.76,2517.98,564692445,13495227553966,2075112931767044,-121,-4.55,2891.35,20240711,0,20241126,19800104,100
265,20241122,코스피,KOSPI시리즈,841,2501.24,20.61,.83,2493.42,2511.23,2492.21,543517791,8017171405214,2048900260074806,-154,-5.8,2891.35,20240711,0,20241125,19800104,100
266,20241121,코스피,KOSPI시리즈,841,2480.63,-1.66,-.07,2474.62,2496.97,2474.62,451118534,8356409257842,2032824142509323,-175,-6.58,2891.35,20240711,0,20241122,19800104,100
267,20241120,코스피,KOSPI시리즈,841,2482.29,10.34,.42,2475.76,2489.15,2471.79,408789732,7820084740597,2033134230437159,-173,-6.51,2891.35,20240711,0,20241121,19800104,100
268,20241119,코스피,KOSPI시리즈,841,2471.95,2.88,.12,2469.13,2479.39,2465.15,410856127,9085861075487,2019146278738576,-183,-6.9,2891.35,20240711,0,20241120,19800104,100
269,20241118,코스피,KOSPI시리즈,841,2469.07,52.21,2.16,2440.31,2480.01,2437.53,443925881,10621301146512,2017377526672606,-186,-7.01,2891.35,20240711,0,20241119,19800104,100
270,20241115,코스피,KOSPI시리즈,841,2416.86,-2,-.08,2413.05,2433.18,2390.56,623327161,12365758546178,1973513509553940,-238,-8.98,2891.35,20240711,0,20241118,19800104,100
271,20241114,코스피,KOSPI시리즈,841,2418.86,1.78,.07,2430.26,2441.43,2410.93,639989952,13017388247182,1972611776340117,-236,-8.9,2891.35,20240711,0,20241115,19800104,100
272,20241113,코스피,KOSPI시리즈,841,2417.08,-65.49,-2.64,2468.27,2478.87,2415.77,619176261,11208360429193,1970663209161735,-238,-8.97,2891.35,20240711,0,20241114,19800104,100
273,20241112,코스피,KOSPI시리즈,841,2482.57,-49.09,-1.94,2527.94,2532.44,2481.53,735812780,12848018036593,2022644867370757,-173,-6.5,2891.35,20240711,0,20241113,19800104,100
274,20241111,코스피,KOSPI시리즈,841,2531.66,-29.49,-1.15,2562.05,2562.05,2525.56,572196827,11290168186878,2062998743903726,-124,-4.66,2891.35,20240711,0,20241112,19800104,100
275,20241108,코스피,KOSPI시리즈,841,2561.15,-3.48,-.14,2586.7,2593.15,2553.42,448734499,9921212340072,2087229089933475,-94,-3.55,2891.35,20240711,0,20241111,19800104,100
276,20241107,코스피,KOSPI시리즈,841,2564.63,1.12,.04,2557.23,2579.81,2540.48,465146173,10809704016429,2089840468646244,-91,-3.41,2891.35,20240711,0,20241108,19800104,100
277,20241106,코스피,KOSPI시리즈,840,2563.51,-13.37,-.52,2591.9,2592.75,2544.04,548506117,11791887929674,2089044036625021,-92,-3.46,2891.35,20240711,0,20241107,19800104,100
278,20241105,코스피,KOSPI시리즈,840,2576.88,-12.09,-.47,2570.24,2586.73,2564.66,310875315,7716007774972,2100113789116178,-78,-2.95,2891.35,20240711,0,20241106,19800104,100
279,20241104,코스피,KOSPI시리즈,840,2588.97,46.61,1.83,2549.04,2588.97,2542.68,373943470,8064748773264,2110215065385317,-66,-2.5,2891.35,20240711,0,20241105,19800104,100
280,20241101,코스피,KOSPI시리즈,840,2542.36,-13.79,-.54,2542.96,2559.3,2536.84,319848769,7944318405637,2072677282762738,-113,-4.25,2891.35,20240711,0,20241104,19800104,100
281,20241031,코스피,KOSPI시리즈,840,2556.15,-37.64,-1.45,2575.24,2579.65,2552.36,406613036,10980673439062,2083807734485505,-99,-3.73,2891.35,20240711,0,20241101,19800104,100
282,20241030,코스피,KOSPI시리즈,840,2593.79,-24.01,-.92,2606.99,2613.47,2586.88,487359045,9067046289191,2114675137976877,-61,-2.32,2891.35,20240711,0,20241031,19800104,100
283,20241029,코스피,KOSPI시리즈,840,2617.8,5.37,.21,2606.94,2617.8,2595.86,363290058,9341171256858,2134424479869187,-37,-1.41,2891.35,20240711,0,20241030,19800104,100
284,20241028,코스피,KOSPI시리즈,840,2612.43,29.16,1.13,2588.45,2612.96,2587.2,333735957,9133006346665,2129841276048609,-43,-1.61,2891.35,20240711,0,20241029,19800104,100
285,20241025,코스피,KOSPI시리즈,840,2583.27,2.24,.09,2597.44,2611.27,2577,462898403,10286877485946,2105651493083676,-72,-2.71,2891.35,20240711,0,20241028,19800104,100
286,20241024,코스피,KOSPI시리즈,840,2581.03,-18.59,-.72,2591.69,2600.26,2578.8,343098218,9733937488291,2104042768297716,-74,-2.8,2891.35,20240711,0,20241025,19800104,100
287,20241023,코스피,KOSPI시리즈,840,2599.62,28.92,1.12,2575.25,2607.79,2567.42,352421162,9430154792746,2120697375665930,-56,-2.1,2891.35,20240711,0,20241024,19800104,100
288,20241022,코스피,KOSPI시리즈,840,2570.7,-34.22,-1.31,2600.87,2604.16,2564.46,343318170,8958061448792,2096600928094997,-85,-3.19,2891.35,20240711,0,20241023,19800104,100
289,20241021,코스피,KOSPI시리즈,840,2604.92,11.1,.43,2600.77,2618.71,2594.05,240675023,7757213527460,2124505397404487,-50,-1.9,2891.35,20240711,0,20241022,19800104,100
290,20241018,코스피,KOSPI시리즈,840,2593.82,-15.48,-.59,2616.04,2618.32,2587.96,265201103,8274853556430,2115279710372210,-61,-2.31,2891.35,20240711,0,20241021,19800104,100
291,20241017,코스피,KOSPI시리즈,840,2609.3,-1.06,-.04,2620.74,2622.71,2603.52,331265227,9953645240876,2127416627409576,-46,-1.73,2891.35,20240711,0,20241018,19800104,100
292,20241016,코스피,KOSPI시리즈,840,2610.36,-23.09,-.88,2606.7,2622.33,2601.35,437552776,10053097319299,2129276601242486,-45,-1.69,2891.35,20240711,0,20241017,19800104,100
293,20241015,코스피,KOSPI시리즈,840,2633.45,10.16,.39,2632.37,2635.32,2615.47,438292799,10054355841679,2147319522898363,-22,-.82,2891.35,20240711,0,20241016,19800104,100
294,20241014,코스피,KOSPI시리즈,840,2623.29,26.38,1.02,2602.63,2628.54,2602.63,401705670,8525414408760,2138449589891613,-32,-1.2,2891.35,20240711,0,20241015,19800104,100
295,20241011,코스피,KOSPI시리즈,840,2596.91,-2.25,-.09,2612.02,2621.93,2594.43,491276237,9548436311434,2116899470457183,-58,-2.2,2891.35,20240711,0,20241014,19800104,100
296,20241010,코스피,KOSPI시리즈,840,2599.16,4.8,.19,2611.65,2613.61,2596.86,618559988,13867594373662,2118769902148872,-56,-2.11,2891.35,20240711,0,20241011,19800104,100
297,20241008,코스피,KOSPI시리즈,840,2594.36,-16.02,-.61,2592.65,2601.96,2581.79,318240024,9168276247124,2116186427772118,-61,-2.29,2891.35,20240711,0,20241010,19800104,100
298,20241007,코스피,KOSPI시리즈,841,2610.38,40.67,1.58,2579.2,2611.93,2561.46,343671145,10378943872137,2129898509102692,-45,-1.69,2891.35,20240711,0,20241008,19800104,100
299,20241004,코스피,KOSPI시리즈,841,2569.71,8.02,.31,2563.7,2585.59,2555.57,414328553,10016557160951,2097299169852461,-86,-3.22,2891.35,20240711,0,20241007,19800104,100
300,20241002,코스피,KOSPI시리즈,841,2561.69,-31.58,-1.22,2566.55,2591.61,2555.46,351004351,9607877432678,2091253055072237,-94,-3.52,2891.35,20240711,0,20241004,19800104,100
301,20240930,코스피,KOSPI시리즈,841,2593.27,-56.51,-2.13,2665.24,2668.66,2593.27,358915798,10806867445787,2115975531403173,-62,-2.34,2891.35,20240711,0,20241002,19800104,100
302,20240927,코스피,KOSPI시리즈,840,2649.78,-21.79,-.82,2674.58,2681.45,2649.78,413004129,11987017925748,2162827763884496,-6,-.21,2891.35,20240711,0,20240930,19800104,100
303,20240926,코스피,KOSPI시리즈,840,2671.57,75.25,2.9,2630.91,2671.57,2630.3,324888966,11602405999054,2179114311367054,16,.61,2891.35,20240711,0,20240927,19800104,100
304,20240925,코스피,KOSPI시리즈,840,2596.32,-35.36,-1.34,2652.71,2663.36,2596.32,454471748,11671496763447,2118800293629689,-59,-2.22,2891.35,20240711,0,20240926,19800104,100
305,20240924,코스피,KOSPI시리즈,840,2631.68,29.67,1.14,2612.45,2631.68,2597.81,355097005,10338360663397,2146552075310106,-24,-.89,2891.35,20240711,0,20240925,19800104,100
306,20240923,코스피,KOSPI시리즈,840,2602.01,8.64,.33,2596.47,2603.57,2588.49,339140017,9526459225941,2122839424585600,-53,-2.01,2891.35,20240711,0,20240924,19800104,100
307,20240920,코스피,KOSPI시리즈,840,2593.37,12.57,.49,2603.83,2619.55,2591.4,495964133,14276592945661,2116582292566161,-62,-2.33,2891.35,20240711,0,20240923,19800104,100
308,20240919,코스피,KOSPI시리즈,840,2580.8,5.39,.21,2594.67,2598.68,2550.09,385081293,12871058979763,2106110321613510,-74,-2.8,2891.35,20240711,0,20240920,19800104,100
309,20240913,코스피,KOSPI시리즈,840,2575.41,3.32,.13,2571.81,2584.11,2562.91,358262872,8422029131843,2101346639321967,-80,-3.01,2891.35,20240711,0,20240919,19800104,100
310,20240912,코스피,KOSPI시리즈,840,2572.09,58.72,2.34,2547.5,2572.09,2537.87,340478891,11282356523795,2099101129801418,-83,-3.13,2891.35,20240711,0,20240913,19800104,100
311,20240911,코스피,KOSPI시리즈,840,2513.37,-10.06,-.4,2524.86,2526.13,2493.37,302560681,9623015977525,2051977998276998,-142,-5.34,2891.35,20240711,0,20240912,19800104,100
312,20240910,코스피,KOSPI시리즈,840,2523.43,-12.5,-.49,2542.69,2544.83,2522.48,347650170,8421866699897,2061808623287734,-132,-4.97,2891.35,20240711,0,20240911,19800104,100
313,20240909,코스피,KOSPI시리즈,840,2535.93,-8.35,-.33,2498.67,2543.22,2491.3,270230978,7454380686929,2071956884756337,-119,-4.49,2891.35,20240711,0,20240910,19800104,100
314,20240906,코스피,KOSPI시리즈,840,2544.28,-31.22,-1.21,2576.66,2576.94,2529.31,374782188,8685310141898,2079144168315112,-111,-4.18,2891.35,20240711,0,20240909,19800104,100
315,20240905,코스피,KOSPI시리즈,840,2575.5,-5.3,-.21,2598.36,2615.8,2560.65,379002653,10189751207176,2103967317605974,-80,-3,2891.35,20240711,0,20240906,19800104,100
316,20240904,코스피,KOSPI시리즈,840,2580.8,-83.83,-3.15,2589.94,2608.13,2578.07,455469305,11370290372994,2109693404841243,-74,-2.8,2891.35,20240711,0,20240905,19800104,100
317,20240903,코스피,KOSPI시리즈,840,2664.63,-16.37,-.61,2683.12,2695.59,2664.63,303460408,8978417447396,2178330436205581,9,.35,2891.35,20240711,0,20240904,19800104,100
318,20240902,코스피,KOSPI시리즈,840,2681,6.69,.25,2683.8,2686.98,2658.31,266992573,8669962668666,2192680031182319,26,.97,2891.35,20240711,0,20240903,19800104,100
319,20240830,코스피,KOSPI시리즈,840,2674.31,12.03,.45,2676.72,2686.51,2668.66,278845310,10340760628054,2187461755865038,19,.72,2891.35,20240711,0,20240902,19800104,100
320,20240829,코스피,KOSPI시리즈,840,2662.28,-27.55,-1.02,2657.18,2672.9,2649.56,288835634,11464719820380,2178258767290179,7,.26,2891.35,20240711,0,20240830,19800104,100
321,20240828,코스피,KOSPI시리즈,840,2689.83,.58,.02,2690.59,2695.51,2671.59,280773871,10567478196675,2200592606674385,35,1.3,2891.35,20240711,0,20240829,19800104,100
322,20240827,코스피,KOSPI시리즈,840,2689.25,-8.76,-.32,2696.24,2700.18,2681.92,264056855,8050720479398,2199479583926951,34,1.28,2891.35,20240711,0,20240828,19800104,100
323,20240826,코스피,KOSPI시리즈,840,2698.01,-3.68,-.14,2716.88,2718.47,2688.79,333687885,9087411201066,2206549658882071,43,1.61,2891.35,20240711,0,20240827,19800104,100
324,20240823,코스피,KOSPI시리즈,840,2701.69,-5.98,-.22,2690.8,2712.84,2689.54,330591762,8285767864758,2210797298505351,46,1.75,2891.35,20240711,0,20240826,19800104,100
325,20240822,코스피,KOSPI시리즈,840,2707.67,6.54,.24,2710.95,2711.38,2690.35,441756204,8946316911575,2215412798846490,52,1.97,2891.35,20240711,0,20240823,19800104,100
326,20240821,코스피,KOSPI시리즈,840,2701.13,4.5,.17,2687.2,2704.98,2684.61,417329635,9378558424607,2210561175693671,46,1.73,2891.35,20240711,0,20240822,19800104,100
327,20240820,코스피,KOSPI시리즈,840,2696.63,22.27,.83,2699.74,2706.05,2686.06,484188400,8954162720335,2206940381891250,41,1.56,2891.35,20240711,0,20240821,19800104,100
328,20240819,코스피,KOSPI시리즈,839,2674.36,-22.87,-.85,2697.97,2699.84,2664.28,395636824,9262568374795,2189820559401236,19,.72,2891.35,20240711,0,20240820,19800104,100
329,20240816,코스피,KOSPI시리즈,839,2697.23,52.73,1.99,2695.49,2699.61,2680.74,385851899,11192930297117,2208881287865466,42,1.58,2891.35,20240711,0,20240819,19800104,100
330,20240814,코스피,KOSPI시리즈,839,2644.5,23,.88,2649.11,2653.71,2632.44,328748140,8867077142812,2164754882564239,-11,-.41,2891.35,20240711,0,20240816,19800104,100
331,20240813,코스피,KOSPI시리즈,839,2621.5,3.2,.12,2624.5,2636.12,2607.52,378532151,8965946240835,2145433739879246,-34,-1.27,2891.35,20240711,0,20240814,19800104,100
332,20240812,코스피,KOSPI시리즈,839,2618.3,29.87,1.15,2602.16,2622.86,2602.01,293083794,7601221663229,2142430302010892,-37,-1.39,2891.35,20240711,0,20240813,19800104,100
333,20240809,코스피,KOSPI시리즈,839,2588.43,31.7,1.24,2603.08,2603.08,2575.9,475012051,9721686771659,2118139215572282,-67,-2.52,2891.35,20240711,0,20240812,19800104,100
334,20240808,코스피,KOSPI시리즈,839,2556.73,-11.68,-.45,2530.21,2570.34,2518.52,495299005,11463675279196,2092077568084577,-99,-3.71,2891.35,20240711,0,20240809,19800104,100
335,20240807,코스피,KOSPI시리즈,839,2568.41,46.26,1.83,2515.27,2594.83,2510.82,476990686,13081659609896,2102251051407106,-87,-3.27,2891.35,20240711,0,20240808,19800104,100
336,20240806,코스피,KOSPI시리즈,839,2522.15,80.6,3.3,2533.34,2578.77,2491.47,567266430,15535848582551,2063686210909231,-133,-5.01,2891.35,20240711,0,20240807,19800104,100
337,20240805,코스피,KOSPI시리즈,839,2441.55,-234.64,-8.77,2611.3,2611.3,2386.96,763777757,18781701096636,1997745882924562,-214,-8.05,2891.35,20240711,0,20240806,19800104,100
338,20240802,코스피,KOSPI시리즈,839,2676.19,-101.49,-3.65,2719.39,2725.05,2666.4,531785136,13102123147549,2189768948287380,21,.79,2891.35,20240711,0,20240805,19800104,100
339,20240801,코스피,KOSPI시리즈,839,2777.68,6.99,.25,2787.27,2794.11,2772.97,480833975,10904975425060,2268412040496396,122,4.61,2891.35,20240711,0,20240802,19800104,100
340,20240731,코스피,KOSPI시리즈,839,2770.69,32.5,1.19,2745.58,2770.7,2733.63,557090057,12197991898146,2262832341048634,115,4.35,2891.35,20240711,0,20240801,19800104,100
341,20240730,코스피,KOSPI시리즈,839,2738.19,-27.34,-.99,2744.4,2754.53,2732.82,392868090,10199651173207,2235428827339088,83,3.12,2891.35,20240711,0,20240731,19800104,100
342,20240729,코스피,KOSPI시리즈,837,2765.53,33.63,1.23,2748.32,2776.86,2742.69,456515695,10963602971959,2257406067431641,110,4.15,2891.35,20240711,0,20240730,19800104,100
343,20240726,코스피,KOSPI시리즈,837,2731.9,21.25,.78,2724.99,2738.4,2715.75,516467609,12971731709664,2228963595217386,77,2.89,2891.35,20240711,0,20240729,19800104,100
344,20240725,코스피,KOSPI시리즈,837,2710.65,-48.06,-1.74,2721.29,2725.15,2703.86,440318335,13673708697212,2212260228637285,55,2.09,2891.35,20240711,0,20240726,19800104,100
345,20240724,코스피,KOSPI시리즈,837,2758.71,-15.58,-.56,2755.5,2778.31,2748.65,469221275,11053910300885,2251624859143664,103,3.9,2891.35,20240711,0,20240725,19800104,100
346,20240723,코스피,KOSPI시리즈,837,2774.29,10.78,.39,2788.83,2796.92,2765.81,423403234,11526841676052,2265131154015696,119,4.48,2891.35,20240711,0,20240724,19800104,100
347,20240722,코스피,KOSPI시리즈,837,2763.51,-31.95,-1.14,2790.99,2795.12,2752.63,463878258,10499644345892,2255636583508568,108,4.08,2891.35,20240711,0,20240723,19800104,100
348,20240719,코스피,KOSPI시리즈,837,2795.46,-28.89,-1.02,2800.21,2802.68,2776.99,426207952,9585234666046,2280949590315269,140,5.28,2891.35,20240711,0,20240722,19800104,100
349,20240718,코스피,KOSPI시리즈,837,2824.35,-18.94,-.67,2805.64,2824.35,2799.02,658374570,15548196201712,2304940336748129,169,6.37,2891.35,20240711,0,20240719,19800104,100
350,20240717,코스피,KOSPI시리즈,837,2843.29,-22.8,-.8,2865.9,2868.58,2841.33,549094120,13923509175223,2320318934867633,188,7.08,2891.35,20240711,0,20240718,19800104,100
351,20240716,코스피,KOSPI시리즈,837,2866.09,5.17,.18,2861.71,2872.21,2857.07,677904823,12660325755248,2338465518826864,211,7.94,2891.35,20240711,0,20240717,19800104,100
352,20240715,코스피,KOSPI시리즈,837,2860.92,3.92,.14,2869.15,2872.9,2848.93,424457898,12165673099287,2334446313431494,206,7.74,2891.35,20240711,0,20240716,19800104,100
353,20240712,코스피,KOSPI시리즈,837,2857,-34.35,-1.19,2867.75,2872.25,2844.88,408178316,14085702513511,2329431205423023,202,7.6,2891.35,20240711,0,20240715,19800104,100
354,20240711,코스피,KOSPI시리즈,836,2891.35,23.36,.81,2888.76,2896.43,2879.28,462216873,14649701388722,2363627178724968,236,8.89,2891.35,20240711,0,20240712,19800104,100
355,20240710,코스피,KOSPI시리즈,836,2867.99,.61,.02,2863.05,2871.56,2858.87,472472909,11841458957088,2340811915381735,213,8.01,2867.99,20240710,0,20240711,19800104,100
356,20240709,코스피,KOSPI시리즈,836,2867.38,9.62,.34,2872.63,2875.37,2854.13,456429222,11241863704494,2339688644048581,212,7.99,2867.38,20240709,0,20240710,19800104,100
357,20240708,코스피,KOSPI시리즈,837,2857.76,-4.47,-.16,2862.58,2868.99,2855.53,425055594,9938577085762,2335361801343077,202,7.63,2862.23,20240705,0,20240709,19800104,100
358,20240705,코스피,KOSPI시리즈,837,2862.23,37.29,1.32,2836.21,2871.96,2836.21,378159145,13142275173526,2338315470421830,207,7.79,2862.23,20240705,0,20240708,19800104,100
359,20240704,코스피,KOSPI시리즈,837,2824.94,30.93,1.11,2817.06,2824.94,2808.88,393738620,13067110367346,2307278993396211,170,6.39,2824.94,20240704,0,20240705,19800104,100
360,20240703,코스피,KOSPI시리즈,837,2794.01,13.15,.47,2797.14,2799.7,2774.71,340337982,10243957490730,2281636129094657,139,5.22,2807.63,20240620,0,20240704,19800104,100
361,20240702,코스피,KOSPI시리즈,837,2780.86,-23.45,-.84,2798.65,2805.42,2776.62,538842197,11648477198292,2270445338129264,126,4.73,2807.63,20240620,0,20240703,19800104,100
362,20240701,코스피,KOSPI시리즈,836,2804.31,6.49,.23,2792.96,2805.95,2783.98,459218341,9945336827186,2289631234045977,149,5.61,2807.63,20240620,0,20240702,19800104,100
363,20240628,코스피,KOSPI시리즈,836,2797.82,13.76,.49,2792.79,2797.82,2782.4,610550442,11020137988129,2283888693661471,143,5.37,2807.63,20240620,0,20240701,19800104,100
364,20240627,코스피,KOSPI시리즈,836,2784.06,-7.99,-.29,2767.62,2784.33,2761.55,397169222,10271109212108,2273422810716470,129,4.85,2807.63,20240620,0,20240628,19800104,100
365,20240626,코스피,KOSPI시리즈,836,2792.05,17.66,.64,2767.43,2792.07,2762.98,535034373,11325142857725,2279120474336608,137,5.15,2807.63,20240620,0,20240627,19800104,100
366,20240625,코스피,KOSPI시리즈,836,2774.39,9.66,.35,2765.76,2780.42,2765.76,714242157,11767747562752,2265008233505110,119,4.49,2807.63,20240620,0,20240626,19800104,100
367,20240624,코스피,KOSPI시리즈,836,2764.73,-19.53,-.7,2772.85,2782.9,2758.09,594166310,11082706901587,2257243669014962,109,4.12,2807.63,20240620,0,20240625,19800104,100
368,20240621,코스피,KOSPI시리즈,835,2784.26,-23.37,-.83,2794.87,2797,2777.33,631143373,14492984699807,2270593310209150,129,4.86,2807.63,20240620,0,20240624,19800104,100
369,20240620,코스피,KOSPI시리즈,835,2807.63,10.3,.37,2802.1,2812.62,2796.37,758165860,13576969980405,2289946832082912,152,5.74,2807.63,20240620,0,20240621,19800104,100
370,20240619,코스피,KOSPI시리즈,835,2797.33,33.41,1.21,2786.16,2799.32,2786.16,646706151,14069563614982,2280984107505914,142,5.35,2797.33,20240619,0,20240620,19800104,100
371,20240618,코스피,KOSPI시리즈,835,2763.92,19.82,.72,2765.7,2772.35,2759.03,561975111,13269477858739,2254082532058439,109,4.09,2763.92,20240618,0,20240619,19800104,100
372,20240617,코스피,KOSPI시리즈,835,2744.1,-14.32,-.52,2754.83,2759.86,2741.03,593985068,12457645927392,2237952930934221,89,3.35,2758.42,20240614,0,20240618,19800104,100
373,20240614,코스피,KOSPI시리즈,835,2758.42,3.53,.13,2759.22,2769.16,2750.86,644979251,16187046354733,2250826809499794,103,3.88,2758.42,20240614,0,20240617,19800104,100
374,20240613,코스피,KOSPI시리즈,835,2754.89,26.72,.98,2764.18,2776.72,2752.61,700027275,19135858383663,2247116756582045,100,3.75,2757.09,20240326,0,20240614,19800104,100
375,20240612,코스피,KOSPI시리즈,835,2728.17,22.85,.84,2709.65,2730.3,2707.44,511008858,11839575564352,2224929133048683,73,2.75,2757.09,20240326,0,20240613,19800104,100
376,20240611,코스피,KOSPI시리즈,835,2705.32,4.15,.15,2716.72,2718.88,2702.17,558892980,11776520079436,2206744123013164,50,1.88,2757.09,20240326,0,20240612,19800104,100
377,20240610,코스피,KOSPI시리즈,835,2701.17,-21.5,-.79,2698.71,2718.89,2689.19,506891681,11327687402104,2203848894691709,46,1.73,2757.09,20240326,0,20240611,19800104,100
378,20240607,코스피,KOSPI시리즈,835,2722.67,33.17,1.23,2718.25,2729.63,2705.23,783870642,12465269602613,2221091055961770,67,2.54,2757.09,20240326,0,20240610,19800104,100
379,20240605,코스피,KOSPI시리즈,835,2689.5,27.4,1.03,2681.11,2697.43,2667.63,881481171,13624987518166,2194822320470817,34,1.29,2757.09,20240326,0,20240607,19800104,100
380,20240604,코스피,KOSPI시리즈,835,2662.1,-20.42,-.76,2668.73,2679.47,2659.43,773459815,12649033157359,2171834477055724,7,.26,2757.09,20240326,0,20240605,19800104,100
381,20240603,코스피,KOSPI시리즈,835,2682.52,46,1.74,2657.81,2690.73,2657.81,782329142,13995552060921,2188764087625754,27,1.03,2757.09,20240326,0,20240604,19800104,100
382,20240531,코스피,KOSPI시리즈,835,2636.52,1.08,.04,2657.87,2664.48,2635.77,613717789,16353906904146,2151017465412147,-19,-.71,2757.09,20240326,0,20240603,19800104,100
383,20240530,코스피,KOSPI시리즈,835,2635.44,-41.86,-1.56,2666.63,2666.63,2635.44,372741998,11132062547655,2150594911810807,-20,-.75,2757.09,20240326,0,20240531,19800104,100
384,20240529,코스피,KOSPI시리즈,835,2677.3,-45.55,-1.67,2719.56,2721.63,2677.07,438980914,13076460910800,2184383957054233,22,.83,2757.09,20240326,0,20240530,19800104,100
385,20240528,코스피,KOSPI시리즈,835,2722.85,-.14,-.01,2715.52,2730.12,2714.34,440956718,11586995502162,2221981776231337,68,2.54,2757.09,20240326,0,20240529,19800104,100
386,20240527,코스피,KOSPI시리즈,835,2722.99,35.39,1.32,2697.16,2725.08,2693.66,556709910,15847767781392,2222058046281292,68,2.55,2757.09,20240326,0,20240528,19800104,100
387,20240524,코스피,KOSPI시리즈,835,2687.6,-34.21,-1.26,2693.65,2696.99,2681.17,501638731,12363444691766,2193712334095006,32,1.22,2757.09,20240326,0,20240527,19800104,100
388,20240523,코스피,KOSPI시리즈,835,2721.81,-1.65,-.06,2719.03,2734.27,2704,428079461,11449262184318,2222186906186078,67,2.51,2757.09,20240326,0,20240524,19800104,100
389,20240522,코스피,KOSPI시리즈,835,2723.46,-.72,-.03,2723.46,2733.07,2707.87,484723878,12378510253371,2223391187575664,68,2.57,2757.09,20240326,0,20240523,19800104,100
390,20240521,코스피,KOSPI시리즈,835,2724.18,-17.96,-.65,2733.03,2734.48,2719.74,560818982,10490361130914,2223367539795622,69,2.59,2757.09,20240326,0,20240522,19800104,100
391,20240520,코스피,KOSPI시리즈,835,2742.14,17.52,.64,2741.24,2756.41,2734.64,582071105,12502253995995,2237911831916097,87,3.27,2757.09,20240326,0,20240521,19800104,100
392,20240517,코스피,KOSPI시리즈,835,2724.62,-28.38,-1.03,2751.47,2752.17,2724.62,575936318,11008339216044,2223763413963692,69,2.61,2757.09,20240326,0,20240520,19800104,100
393,20240516,코스피,KOSPI시리즈,835,2753,22.66,.83,2770.27,2773.46,2748.22,521841311,13253185991139,2246492512784154,98,3.68,2757.09,20240326,0,20240517,19800104,100
394,20240514,코스피,KOSPI시리즈,835,2730.34,3.13,.11,2732.98,2735.82,2722.74,443295551,9491099959143,2228236340852444,75,2.83,2757.09,20240326,0,20240516,19800104,100
395,20240513,코스피,KOSPI시리즈,835,2727.21,-.42,-.02,2735.2,2738.38,2713.92,625277713,13054660270065,2226373173373837,72,2.71,2757.09,20240326,0,20240514,19800104,100
396,20240510,코스피,KOSPI시리즈,836,2727.63,15.49,.57,2737.95,2743.58,2723.21,586133434,11566879277171,2226624818720776,72,2.72,2757.09,20240326,0,20240513,19800104,100
397,20240509,코스피,KOSPI시리즈,836,2712.14,-32.91,-1.2,2743.29,2749.14,2710.25,423810541,11102793125978,2216794075957826,57,2.14,2757.09,20240326,0,20240510,19800104,100
398,20240508,코스피,KOSPI시리즈,835,2745.05,10.69,.39,2732.11,2745.05,2727.93,436315210,10293632989622,2243933670998562,90,3.38,2757.09,20240326,0,20240509,19800104,100
399,20240507,코스피,KOSPI시리즈,835,2734.36,57.73,2.16,2718.17,2734.36,2716.62,532203424,11153672379482,2228259503005163,79,2.98,2757.09,20240326,0,20240508,19800104,100
400,20240503,코스피,KOSPI시리즈,835,2676.63,-7.02,-.26,2704.31,2705.26,2676.63,338612027,7850446650277,2180854242187852,21,.8,2757.09,20240326,0,20240507,19800104,100
401,20240502,코스피,KOSPI시리즈,835,2683.65,-8.41,-.31,2679.04,2692.47,2678.84,351087270,9059052787751,2186876849586271,28,1.07,2757.09,20240326,0,20240503,19800104,100
402,20240430,코스피,KOSPI시리즈,835,2692.06,4.62,.17,2693.22,2710.23,2687.29,460083516,11347130197832,2193843858061216,37,1.39,2757.09,20240326,0,20240502,19800104,100
403,20240429,코스피,KOSPI시리즈,835,2687.44,31.11,1.17,2675.46,2687.44,2665.21,470546033,10491387518238,2189691725743463,32,1.21,2757.09,20240326,0,20240430,19800104,100
404,20240426,코스피,KOSPI시리즈,835,2656.33,27.71,1.05,2650.94,2662.1,2641.35,450520678,10148866094724,2164477450575646,1,.04,2757.09,20240326,0,20240429,19800104,100
405,20240425,코스피,KOSPI시리즈,835,2628.62,-47.13,-1.76,2646.8,2656.51,2628.62,334062359,8987958983331,2142440794883830,-27,-1,2757.09,20240326,0,20240426,19800104,100
406,20240424,코스피,KOSPI시리즈,835,2675.75,52.73,2.01,2662.84,2677.85,2662.84,325739636,10227694656817,2180629130374121,20,.77,2757.09,20240326,0,20240425,19800104,100
407,20240423,코스피,KOSPI시리즈,835,2623.02,-6.42,-.24,2632.15,2641.78,2619.72,430275765,9948338030037,2137640962658347,-32,-1.21,2757.09,20240326,0,20240424,19800104,100
408,20240422,코스피,KOSPI시리즈,835,2629.44,37.58,1.45,2615.72,2629.44,2604.37,401892185,11021071197748,2143157215871340,-26,-.97,2757.09,20240326,0,20240423,19800104,100
409,20240419,코스피,KOSPI시리즈,835,2591.86,-42.84,-1.63,2600.69,2609.9,2553.55,809473426,14044807236711,2113960517731474,-63,-2.39,2757.09,20240326,0,20240422,19800104,100
410,20240418,코스피,KOSPI시리즈,835,2634.7,50.52,1.95,2595.46,2642.03,2593.26,478786204,10571079673653,2148591606593171,-21,-.78,2757.09,20240326,0,20240419,19800104,100
411,20240417,코스피,KOSPI시리즈,835,2584.18,-25.45,-.98,2619.15,2626.63,2584.18,414348111,9779317782734,2108636206256260,-71,-2.68,2757.09,20240326,0,20240418,19800104,100
412,20240416,코스피,KOSPI시리즈,835,2609.63,-60.8,-2.28,2644.17,2647.6,2601.45,570212078,12257738700180,2129095533863437,-46,-1.72,2757.09,20240326,0,20240417,19800104,100
413,20240415,코스피,KOSPI시리즈,835,2670.43,-11.39,-.42,2661.36,2673.26,2641.16,561950019,10506647345531,2179146668534823,15,.57,2757.09,20240326,0,20240416,19800104,100
414,20240412,코스피,KOSPI시리즈,835,2681.82,-25.14,-.93,2710.89,2712.45,2678.21,514575252,11903471260891,2189191729846839,27,1,2757.09,20240326,0,20240415,19800104,100
415,20240411,코스피,KOSPI시리즈,835,2706.96,1.8,.07,2665.4,2718.07,2661.92,561333352,12789892903761,2209845127261173,52,1.95,2757.09,20240326,0,20240412,19800104,100
416,20240409,코스피,KOSPI시리즈,835,2705.16,-12.49,-.46,2733.23,2741.23,2703.96,470183666,10037704753832,2207593683288588,50,1.88,2757.09,20240326,0,20240411,19800104,100
417,20240408,코스피,KOSPI시리즈,835,2717.65,3.44,.13,2718.76,2725.58,2706.74,620652526,10560913230739,2218358194498119,62,2.35,2757.09,20240326,0,20240409,19800104,100
418,20240405,코스피,KOSPI시리즈,835,2714.21,-27.79,-1.01,2713.96,2730.47,2705.31,621030559,11293864180906,2215451533029409,59,2.22,2757.09,20240326,0,20240408,19800104,100
419,20240404,코스피,KOSPI시리즈,835,2742,35.03,1.29,2738.24,2746.39,2727.1,477952756,11978193544511,2238039850882680,87,3.27,2757.09,20240326,0,20240405,19800104,100
420,20240403,코스피,KOSPI시리즈,835,2706.97,-46.19,-1.68,2730.68,2732.29,2706.97,640806255,13257039663440,2209038426589524,52,1.95,2757.09,20240326,0,20240404,19800104,100
421,20240402,코스피,KOSPI시리즈,835,2753.16,5.3,.19,2744.15,2760.33,2737.19,630392908,13116888253006,2247045532300401,98,3.69,2757.09,20240326,0,20240403,19800104,100
422,20240401,코스피,KOSPI시리즈,835,2747.86,1.23,.04,2766.24,2769.87,2747.4,397600506,10066834746484,2241082877779755,93,3.49,2757.09,20240326,0,20240402,19800104,100
423,20240329,코스피,KOSPI시리즈,834,2746.63,.81,.03,2757.27,2757.55,2739.12,495495575,11190102648960,2240537707931380,91,3.44,2757.09,20240326,0,20240401,19800104,100
424,20240328,코스피,KOSPI시리즈,834,2745.82,-9.29,-.34,2753.22,2756.86,2742.68,419277948,11925008942773,2239561710047378,91,3.41,2757.09,20240326,0,20240329,19800104,100
425,20240327,코스피,KOSPI시리즈,834,2755.11,-1.98,-.07,2745,2762.03,2745,510644016,12461944297042,2246759368908432,100,3.76,2757.09,20240326,0,20240328,19800104,100
426,20240326,코스피,KOSPI시리즈,834,2757.09,19.52,.71,2756.42,2779.4,2752.27,448300913,12188273305400,2248074960180936,102,3.83,2757.09,20240326,0,20240327,19800104,100
427,20240325,코스피,KOSPI시리즈,834,2737.57,-10.99,-.4,2756.59,2763.63,2731.7,489620187,9979717463873,2230450709812806,82,3.1,2754.86,20240321,0,20240326,19800104,100
428,20240322,코스피,KOSPI시리즈,834,2748.56,-6.3,-.23,2751.15,2763.06,2738.18,509545275,11532687277699,2240018470676891,93,3.51,2754.86,20240321,0,20240325,19800104,100
429,20240321,코스피,KOSPI시리즈,834,2754.86,64.72,2.41,2731.18,2755.45,2724.25,825226939,14013557214292,2244169943853590,100,3.75,2754.86,20240321,0,20240322,19800104,100
430,20240320,코스피,KOSPI시리즈,834,2690.14,33.97,1.28,2680.7,2692.52,2674.09,720451805,12739395278981,2190991693310006,35,1.31,2718.76,20240314,0,20240321,19800104,100
431,20240319,코스피,KOSPI시리즈,834,2656.17,-29.67,-1.1,2673.57,2673.57,2645.14,695865617,10702804612977,2162284635365968,1,.03,2718.76,20240314,0,20240320,19800104,100
432,20240318,코스피,KOSPI시리즈,834,2685.84,19,.71,2678.52,2688.07,2665.28,408182483,9523805666900,2186414425213829,31,1.15,2718.76,20240314,0,20240319,19800104,100
433,20240315,코스피,KOSPI시리즈,834,2666.84,-51.92,-1.91,2701.91,2705.59,2666.84,584947718,13235768120641,2171246910784166,12,.44,2718.76,20240314,0,20240318,19800104,100
434,20240314,코스피,KOSPI시리즈,834,2718.76,25.19,.94,2698.37,2718.76,2696.31,609288045,14142602900461,2214176883564676,63,2.39,2718.76,20240314,0,20240315,19800104,100
435,20240313,코스피,KOSPI시리즈,834,2693.57,11.76,.44,2694.71,2701.45,2679.54,498759769,10957571435594,2193638398555053,38,1.44,2693.57,20240313,0,20240314,19800104,100
436,20240312,코스피,KOSPI시리즈,834,2681.81,21.97,.83,2673.47,2686.14,2659.72,403969278,9731030845026,2183694627398137,27,1,2681.81,20240312,0,20240313,19800104,100
437,20240311,코스피,KOSPI시리즈,834,2659.84,-20.51,-.77,2665.58,2677.21,2658.74,391384816,8856058910332,2165991239911813,5,.17,2680.35,20240308,0,20240312,19800104,100
438,20240308,코스피,KOSPI시리즈,834,2680.35,32.73,1.24,2676.79,2688,2668.38,454259855,11479440624975,2183434413990576,25,.94,2680.35,20240308,0,20240311,19800104,100
439,20240307,코스피,KOSPI시리즈,834,2647.62,6.13,.23,2653.98,2660.26,2633.57,462910823,10871921043030,2157093122013549,-8,-.29,2680.26,20240219,0,20240308,19800104,100
440,20240306,코스피,KOSPI시리즈,834,2641.49,-7.91,-.3,2638.84,2649.78,2630.16,378993989,10533005950271,2152385363230447,-14,-.52,2680.26,20240219,0,20240307,19800104,100
441,20240305,코스피,KOSPI시리즈,834,2649.4,-24.87,-.93,2660.8,2684.83,2649.35,457237152,12207053152140,2159737907605954,-6,-.22,2680.26,20240219,0,20240306,19800104,100
442,20240304,코스피,KOSPI시리즈,834,2674.27,31.91,1.21,2664.52,2682.8,2662.32,404014324,12680157695305,2180068721681928,19,.72,2680.26,20240219,0,20240305,19800104,100
443,20240229,코스피,KOSPI시리즈,835,2642.36,-9.93,-.37,2643.48,2647.56,2628.62,496064469,12975398337140,2154501763495998,-13,-.49,2680.26,20240219,0,20240304,19800104,100
444,20240228,코스피,KOSPI시리즈,835,2652.29,27.24,1.04,2629.11,2657.32,2623.15,421552569,10266442750037,2160300898648426,-3,-.11,2680.26,20240219,0,20240229,19800104,100
445,20240227,코스피,KOSPI시리즈,834,2625.05,-22.03,-.83,2654.76,2654.76,2619.38,574301706,12634501574691,2138605308580859,-30,-1.14,2680.26,20240219,0,20240228,19800104,100
446,20240226,코스피,KOSPI시리즈,834,2647.08,-20.62,-.77,2657.35,2659.6,2629.78,531661427,10950640820454,2154285533222444,-8,-.31,2680.26,20240219,0,20240227,19800104,100
447,20240223,코스피,KOSPI시리즈,834,2667.7,3.43,.13,2681.03,2694.8,2665.21,415376166,10282074497042,2172012827862754,12,.47,2680.26,20240219,0,20240226,19800104,100
448,20240222,코스피,KOSPI시리즈,834,2664.27,10.96,.41,2671.69,2671.69,2653.99,456396847,10278918996172,2169296821127555,9,.34,2680.26,20240219,0,20240223,19800104,100
449,20240221,코스피,KOSPI시리즈,834,2653.31,-4.48,-.17,2656.92,2670.95,2644.04,562144348,9150151196628,2160613141082502,-2,-.07,2680.26,20240219,0,20240222,19800104,100
450,20240220,코스피,KOSPI시리즈,834,2657.79,-22.47,-.84,2671.55,2673.84,2643.93,612668186,9999238286778,2164246683674156,3,.09,2680.26,20240219,0,20240221,19800104,100
451,20240219,코스피,KOSPI시리즈,834,2680.26,31.5,1.19,2653.12,2683.39,2653.12,422699048,9820891305363,2182000859841736,25,.94,2680.26,20240219,0,20240220,19800104,100
452,20240216,코스피,KOSPI시리즈,834,2648.76,34.96,1.34,2635.63,2648.76,2625.01,593841761,10221803977167,2156678843913596,-7,-.25,2669.81,20240102,0,20240219,19800104,100
453,20240215,코스피,KOSPI시리즈,834,2613.8,-6.62,-.25,2643.81,2643.86,2613.8,621363093,10691023734593,2128007409746468,-41,-1.56,2669.81,20240102,0,20240216,19800104,100
454,20240214,코스피,KOSPI시리즈,834,2620.42,-29.22,-1.1,2609.6,2627.31,2601.99,543525036,10107666432067,2134335214502237,-35,-1.31,2669.81,20240102,0,20240215,19800104,100
455,20240213,코스피,KOSPI시리즈,834,2649.64,29.32,1.12,2644.17,2656.87,2640.96,559385295,13294428567621,2157419255239933,-6,-.21,2669.81,20240102,0,20240214,19800104,100
456,20240208,코스피,KOSPI시리즈,834,2620.32,10.74,.41,2620.26,2629.51,2610.21,430009355,12493447627224,2132384707693318,-35,-1.32,2669.81,20240102,0,20240213,19800104,100
457,20240207,코스피,KOSPI시리즈,834,2609.58,33.38,1.3,2592.59,2625.24,2588.09,518182343,11491680255121,2123763208093908,-46,-1.72,2669.81,20240102,0,20240208,19800104,100
458,20240206,코스피,KOSPI시리즈,834,2576.2,-15.11,-.58,2584.2,2599.18,2563.87,411617635,10386506269960,2095645930554876,-79,-2.98,2669.81,20240102,0,20240207,19800104,100
459,20240205,코스피,KOSPI시리즈,834,2591.31,-24,-.92,2612.77,2612.77,2562.5,511677820,12476233311073,2107741572677307,-64,-2.41,2669.81,20240102,0,20240206,19800104,100
460,20240202,코스피,KOSPI시리즈,834,2615.31,72.85,2.87,2559.4,2615.34,2559.39,596121129,14368149719486,2126219526202082,-40,-1.51,2669.81,20240102,0,20240205,19800104,100
461,20240201,코스피,KOSPI시리즈,834,2542.46,45.37,1.82,2491.93,2542.46,2491.93,751074606,13462481624148,2067112301934090,-113,-4.25,2669.81,20240102,0,20240202,19800104,100
462,20240131,코스피,KOSPI시리즈,834,2497.09,-1.72,-.07,2487.9,2502.45,2486.97,454574443,9000429911787,2030032668710527,-158,-5.96,2669.81,20240102,0,20240201,19800104,100
463,20240130,코스피,KOSPI시리즈,835,2498.81,-1.84,-.07,2523.68,2528.54,2498.81,481808939,8734431084623,2032788176215422,-156,-5.89,2669.81,20240102,0,20240131,19800104,100
464,20240129,코스피,KOSPI시리즈,835,2500.65,22.09,.89,2490.93,2516.92,2483.81,427439639,8958520572993,2034462573480314,-155,-5.82,2669.81,20240102,0,20240130,19800104,100
465,20240126,코스피,KOSPI시리즈,834,2478.56,8.22,.33,2458.05,2502.61,2453.45,292662412,7144493302087,2009937343154269,-177,-6.66,2669.81,20240102,0,20240129,19800104,100
466,20240125,코스피,KOSPI시리즈,834,2470.34,.65,.03,2467.73,2474.01,2452.36,357233504,8124338284896,2003599594512515,-185,-6.96,2669.81,20240102,0,20240126,19800104,100
467,20240124,코스피,KOSPI시리즈,834,2469.69,-8.92,-.36,2476.22,2476.22,2454.34,395463694,7446526589060,2003932327419686,-186,-6.99,2669.81,20240102,0,20240125,19800104,100
468,20240123,코스피,KOSPI시리즈,834,2478.61,14.26,.58,2478.32,2482.84,2464.24,472284165,8029400288499,2010744285970351,-177,-6.65,2669.81,20240102,0,20240124,19800104,100
469,20240122,코스피,KOSPI시리즈,834,2464.35,-8.39,-.34,2489.57,2490.69,2464.35,388045571,8419915774574,1999139797919650,-191,-7.19,2669.81,20240102,0,20240123,19800104,100
470,20240119,코스피,KOSPI시리즈,834,2472.74,32.7,1.34,2468.43,2479,2455.5,518806918,9174537029762,2005853267137231,-183,-6.87,2669.81,20240102,0,20240122,19800104,100
471,20240118,코스피,KOSPI시리즈,834,2440.04,4.14,.17,2439.96,2453.97,2429.12,571507487,8300177532644,1978349880698514,-215,-8.11,2669.81,20240102,0,20240119,19800104,100
472,20240117,코스피,KOSPI시리즈,834,2435.9,-61.69,-2.47,2501.23,2503.91,2435.34,965595357,11281597951689,1975074608228092,-219,-8.26,2669.81,20240102,0,20240118,19800104,100
473,20240116,코스피,KOSPI시리즈,834,2497.59,-28.4,-1.12,2516.27,2524.35,2491.13,659578602,8828509480164,2024555060865416,-158,-5.94,2669.81,20240102,0,20240117,19800104,100
474,20240115,코스피,KOSPI시리즈,834,2525.99,.94,.04,2525.69,2536.06,2515.84,802102006,8182706743844,2047779701417268,-129,-4.87,2669.81,20240102,0,20240116,19800104,100
475,20240112,코스피,KOSPI시리즈,834,2525.05,-15.22,-.6,2536.55,2543.83,2517.76,790177187,8368765827550,2047248114238733,-130,-4.9,2669.81,20240102,0,20240115,19800104,100
476,20240111,코스피,KOSPI시리즈,834,2540.27,-1.71,-.07,2543.03,2557.3,2540.27,788422596,13669889824902,2043896294511727,-115,-4.33,2669.81,20240102,0,20240112,19800104,100
477,20240110,코스피,KOSPI시리즈,834,2541.98,-19.26,-.75,2563.97,2568.19,2539.82,570021066,8795834820834,2045533566125824,-113,-4.27,2669.81,20240102,0,20240111,19800104,100
478,20240109,코스피,KOSPI시리즈,834,2561.24,-6.58,-.26,2598.31,2599.37,2556,791214273,8896714487368,2061575745648289,-94,-3.54,2669.81,20240102,0,20240110,19800104,100
479,20240108,코스피,KOSPI시리즈,834,2567.82,-10.26,-.4,2584.23,2591.68,2566.34,320143990,6763632029996,2067290656237408,-87,-3.29,2669.81,20240102,0,20240109,19800104,100
480,20240105,코스피,KOSPI시리즈,834,2578.08,-8.94,-.35,2586.89,2592.29,2572.6,522289892,8384472928787,2075148802709824,-77,-2.91,2669.81,20240102,0,20240108,19800104,100
481,20240104,코스피,KOSPI시리즈,834,2587.02,-20.29,-.78,2592.44,2602.64,2580.09,770176172,8992273956601,2081862659594752,-68,-2.57,2669.81,20240102,0,20240105,19800104,100
482,20240103,코스피,KOSPI시리즈,834,2607.31,-62.5,-2.34,2643.54,2643.72,2607.31,463131608,10121578328315,2096573473823721,-48,-1.81,2669.81,20240102,0,20240104,19800104,100
483,20240102,코스피,KOSPI시리즈,834,2669.81,14.53,.55,2645.47,2675.8,2641.88,409871688,9628190129018,2147223894556881,15,.55,2669.81,20240102,0,20240103,19800104,100
